Target page,Incoming links,Linking sites
https://www.leathercompany.co.uk/mens-c4/the-bridge-mens-italian-leather-briefcase-brown-006405179-07-p6308,526,66
https://www.leathercompany.co.uk/mens-c4/leather-jackets-c25/biker-styles-c97/vintage-leather-biker-jacket-blue-black-jaxon-p3014,233,148
https://www.leathercompany.co.uk/mens-c4/man-bags-briefcases-c12/mens-vintage-leather-messenger-bag-rust-7996-p678,132,77
https://www.leathercompany.co.uk/mens-c4/leather-jackets-c25/leather-jacket-tan-edinburgh-p234,109,68
https://www.leathercompany.co.uk/mens-c4/leather-jackets-c25/blouson-casual-styles-c123/leather-jacket-with-detachable-collar-black-sandor-2-p3110,84,46
https://www.leathercompany.co.uk/gift-accessories-c8/purses-c36/small-purses-c94/vintage-woven-leather-zip-around-small-6-card-coin-purse-navy-d-80-p4279,79,49
https://www.leathercompany.co.uk/ladies-c3/leather-jackets-c9/biker-styles-c78/ladies-classic-leather-biker-jacket-red-roisin-p3703,75,58
https://www.leathercompany.co.uk/ladies-c3/leather-jackets-c9/ladies-leather-biker-jacket-beige-g-celia22-p7531,74,37
https://www.leathercompany.co.uk/ladies-c3/leather-jackets-c9/leather-biker-jacket-black-app-britney-p279,67,50
https://www.leathercompany.co.uk/mens-c4/sheepskin-flying-jacket-antique-luan-p3681,66,33
https://www.leathercompany.co.uk/handbags-c6/ashwood-leather-crocodile-print-two-section-with-mid-purse-bag-bordeaux-c-54-p5424,65,42
https://www.leathercompany.co.uk/ladies-c3/leather-jackets-c9/biker-styles-c78/leather-biker-jacket-black-scarlett-p2483,60,44
https://www.leathercompany.co.uk/mens-c4/leather-jackets-c25/leather-coat-with-detachable-collar-black-carl-p1500,57,29
https://www.leathercompany.co.uk/ladies-c3/leather-jackets-c9/leather-jacket-black-ruby-p485,46,36
https://www.leathercompany.co.uk/ladies-c3/ashwood-womens-zip-and-stitcch-detail-leather-gloves-red-896-p5887,44,29
https://www.leathercompany.co.uk/ladies-c3/ladies-leather-jacket-ivory-serefina-p6001,44,28
https://www.leathercompany.co.uk/ladies-c3/vintage-leather-cross-body-shoulder-bag-honey-g22-p3614,40,34
https://www.leathercompany.co.uk/gift-accessories-c8/mens-gloves-c37/mens-leather-gloves-tan-black-gb-535-p7286,39,25
https://www.leathercompany.co.uk/sheepskin-fur-c5/sheepskin-hats-c56/trapper-hat-with-sheepskin-fur-olive-aspen-p3187,33,25
https://www.leathercompany.co.uk/handbags-c6/ashwood-leather-crocodile-print-two-section-with-mid-purse-bag-teal-c-54-p5427,31,22
https://www.leathercompany.co.uk/mens-c4/leather-jackets-c25/biker-styles-c97/leather-vintage-biker-jacket-racing-green-stedman-p3701,31,23
https://www.leathercompany.co.uk/mens-c4/monomoi-mens-leather-biker-jacket-black-m-rider-p6116,31,23
https://www.leathercompany.co.uk/mens-c4/fur-parkas-c73/hooded-racoon-tipped-fur-parka-with-removable-fur-trim-lining-cronos-p1442,28,24
https://www.leathercompany.co.uk/mens-c4/leather-jackets-c25/leather-coat-nevada-timber-brontes-p252,27,19
https://www.leathercompany.co.uk/luggage-c7/backpacks-rucksacks-c52/unisex-leather-vintage-backpack-brandy-f-86-p2399,27,18
https://www.leathercompany.co.uk/ladies-c3/ashwood-two-section-croc-print-leather-handbag-cognac-l-76-p6072,27,22
https://www.leathercompany.co.uk/mens-c4/mens-nappa-leather-detachable-double-collar-jacket-black-trap-ryan-p5800,27,20
https://www.leathercompany.co.uk/ladies-c3/ashwood-vintage-woven-leather-shoulder-bag-red-d-77-p6380,26,16
https://www.leathercompany.co.uk/sheepskin-fur-c5/ladies-sheepskin-jackets-c13/womens-oversized-sheepskin-flying-jacket-black-khloe-p2998,26,17
https://www.leathercompany.co.uk/mens-c4/leather-vintage-small-flight-shoulder-bag-tan-f-81-p2416,26,22
https://www.leathercompany.co.uk/mens-c4/leather-jackets-c25/leather-biker-jacket-timber-soltau-p236,26,16
https://www.leathercompany.co.uk/mens-c4/mens-leather-belts-c49/ashwood-vegetable-tanned-classic-leather-brogue-belt-tan-1997-p2557,25,21
https://www.leathercompany.co.uk/mens-c4/leather-hunting-trapper-hat-with-sheepskin-fur-black-brissa-dakota-p4396,24,19
https://www.leathercompany.co.uk/luggage-c7/holdall-c15/mens-large-leather-weekend-holdall-chestnut-vt-charles-p918,24,19
https://www.leathercompany.co.uk/mens-c4/sheepskin-jackets-c26/sheepskin-duffle-black-magnus-p1009,23,13
https://www.leathercompany.co.uk/ladies-c3/vintage-mini-leather-cross-body-shoulder-bag-with-chain-strap-grey-g27-p5325,23,17
https://www.leathercompany.co.uk/ladies-c3/accessories-c24/gloves-c102/extra-slim-sheepskin-leather-fingerless-glove-black-brissa-lancy-p4012,23,20
https://www.leathercompany.co.uk/gift-accessories-c8/wallets-c16/vegetable-tanned-6-card-zip-coin-tri-fold-leather-wallet-tan-1265-vt-p166,20,19
https://www.leathercompany.co.uk/luggage-c7/manbags-briefcases-c64/unisex-leather-backpack-rucksack-brandy-beige-p6452,20,5
https://www.leathercompany.co.uk/mens-c4/monomoi-mens-leather-denim-style-jacket-blue-james-p6114,19,15
https://www.leathercompany.co.uk/mens-c4/leather-detachable-hood-puffer-jacket-cognac-nello-p6539,18,14
https://www.leathercompany.co.uk/ladies-c3/sheepskin-jackets-c11/shearling-style-c111/womens-luxury-side-zip-toscana-suede-sheepskin-pilot-jacket-ombre-blue-lyanna-p3214,17,11
https://www.leathercompany.co.uk/mens-c4/leather-biker-jacket-tan-hard-knott-p5377,17,12
https://www.leathercompany.co.uk/gift-accessories-c8/mens-gloves-c37/mens-leather-gloves-black-714-p179,17,14
https://www.leathercompany.co.uk/ladies-c3/split-suede-biker-jacket-tan-rebel-p5465,16,13
https://www.leathercompany.co.uk/ladies-c3/ladies-leather-biker-jacket-black-perfecto-p6681,16,16
https://www.leathercompany.co.uk/gift-accessories-c8/wallets-c16/vegetable-tanned-6-card-zip-coin-tri-fold-leather-wallet-brown-1265-vt-p165,14,9
https://www.leathercompany.co.uk/mens-c4/luxury-sheepskin-pilot-jacket-antique-nc-air-force-p5818,13,11
https://www.leathercompany.co.uk/mens-c4/man-bags-briefcases-c12/backpacks-c116/vegetable-tanned-leather-backpack-chestnut-11319-p2452,13,11
https://www.leathercompany.co.uk/mens-c4/man-bags-briefcases-c12/unisex-medium-luxury-leather-sling-bag-brandy-g-39-p6296,12,11
https://www.leathercompany.co.uk/ladies-c3/sheepskin-jackets-c11/shearling-style-c111/womens-luxury-side-zip-sheepskin-pilot-jacket-tan-caitlin-p3223,12,11
https://www.leathercompany.co.uk/luggage-c7/backpacks-rucksacks-c52/unisex-leather-vintage-backpack-tan-f-86-p2400,12,9
https://www.leathercompany.co.uk/ladies-c3/sheepskin-jackets-c11/long-length-sheepskin-coat-brown-sophia-p99,12,12
https://www.leathercompany.co.uk/mens-c4/fenland-mens-nubuck-leather-detachable-double-collar-jacket-rust-nelson-p5776,11,10
https://www.leathercompany.co.uk/ladies-c3/vintage-small-leather-travel-shoulder-bag-brandy-g24-p3619,11,9
https://www.leathercompany.co.uk/gift-accessories-c8/mens-leather-belts-c50/ashwood-vegetable-tanned-leather-classic-belt-tan-1996-p2550,11,11
https://www.leathercompany.co.uk/handbags-c6/the-bridge-c14/italian-leather-backpack-blue-ruthenium-63616-01-6b-nh-p2329,11,11
https://www.leathercompany.co.uk/mens-c4/mens-shearling-sheepskin-coat-honey-tan-del-boy-p6074,10,9
https://www.leathercompany.co.uk/ladies-c3/fitted-leather-gilet-with-faux-fur-collar-black-snu-cumbria-p4415,10,9
https://www.leathercompany.co.uk/ladies-c3/womens-luxury-shearling-aviator-jacket-black-brissa-alessa-p4391,9,9
https://www.leathercompany.co.uk/sheepskin-fur-c5/ladies-sheepskin-jackets-c13/womens-oversized-sheepskin-flying-jacket-grey-khloe-p3002,9,3
https://www.leathercompany.co.uk/mens-c4/sheepskin-jackets-c26/lambskin-leather-and-sheepskin-lined-hooded-jacket-odin-p1355,9,6
https://www.leathercompany.co.uk/ladies-c3/womens-medium-leather-wallet-purse-poppy-red-s3-p6719,9,7
https://www.leathercompany.co.uk/handbags-c6/ashwood-leather-crocodile-print-shopper-bag-teal-c-56-p5437,9,6
https://www.leathercompany.co.uk/mens-c4/leather-jackets-c25/biker-styles-c97/vegetable-tanned-leather-biker-jacket-tan-mcqueen-p2295,8,7
https://www.leathercompany.co.uk/ladies-c3/accessories-c24/gloves-c102/ashwood-zip-and-stitch-detail-leather-gloves-purple-373-p1693,8,7
https://www.leathercompany.co.uk/ladies-c3/skirts-jeans-c74/jeans-trousers-c128/womens-suede-leather-trousers-sand-sue-766-p3338,8,8
https://www.leathercompany.co.uk/ladies-c3/leather-jackets-c9/casual-styles-c124/womens-collarless-leather-jacket-mid-brown-nap-chambery-p3284,8,6
https://www.leathercompany.co.uk/mens-c4/leather-jackets-c25/leather-biker-jacket-black-bronx-p540,8,6
https://www.leathercompany.co.uk/sheepskin-fur-c5/ladies-fur-coats-c76/estimo-raccoon-and-rex-rabbit-cropped-sleeve-jacket-dark-brown-kisa-p1468,7,6
https://www.leathercompany.co.uk/ladies-c3/long-skeepskin-overcoat-coco-brown-celine-p4405,7,7
https://www.leathercompany.co.uk/luggage-c7/ashwood-x-large-leather-holdall-tan-brown-4556-p1070,7,2
https://www.leathercompany.co.uk/mens-c4/leather-jackets-c25/biker-styles-c97/mens-detachable-hood-leather-jacket-wash-red-regal-p7172,7,6
https://www.leathercompany.co.uk/mens-c4/man-bags-briefcases-c12/flight-bags-c118/a4-leather-messenger-bag-black-jp-body-bag-p3670,7,7
https://www.leathercompany.co.uk/mens-c4/trapper-men-s-leather-jacket-navy-samo-p6807,6,4
https://www.leathercompany.co.uk/mens-c4/sheepskin-jackets-c26/sheepskin-flying-jacket-ginger-luan-p102,6,5
https://www.leathercompany.co.uk/ladies-c3/ashwood-shearling-leather-and-suede-biker-gilet-black-suede-indiana-p1531,6,5
https://www.leathercompany.co.uk/mens-c4/leather-jackets-c25/leather-biker-jacket-tan-soltau-p239,6,6
https://www.leathercompany.co.uk/ladies-c3/sheepskin-jackets-c11/long-reversible-sheepskin-suede-gillet-gypsy-feather-elixia-p886,6,5
https://www.leathercompany.co.uk/mens-c4/luxury-leather-belt-and-wallet-gift-set-tan-gs-1250-p6127,5,5
https://www.leathercompany.co.uk/home-living-c65/sheepskin-hot-water-bottle-cover-c168/natural-sheepskin-hot-water-bottle-cover-rosa-pink-hw-bottle-cover-p4131,5,4
https://www.leathercompany.co.uk/ladies-c3/sheepskin-jackets-c11/classic-style-c110/luxury-side-zip-sheepskin-pilot-biker-jacket-black-cirilla-p3767,5,5
https://www.leathercompany.co.uk/mens-c4/sheepskin-jackets-c26/sheepskin-flying-jacket-brown-cream-leo-p955,4,4
https://www.leathercompany.co.uk/ladies-c3/ashwood-vintage-woven-leather-shoulder-bag-taupe-d-77-p6381,4,2
https://www.leathercompany.co.uk/ladies-c3/fur-poncho-baby-blue-sian-p6673,4,4
https://www.leathercompany.co.uk/mens-c4/leather-jackets-c25/biker-styles-c97/vegetable-tanned-leather-side-zip-biker-jacket-black-zeppelin-p2301,4,4
https://www.leathercompany.co.uk/ladies-c3/leather-jackets-c9/biker-styles-c78/womens-detachable-hood-leather-biker-jacket-red-nirma-p7139,4,4
https://www.leathercompany.co.uk/mens-c4/man-bags-briefcases-c12/mens-3-pocket-medium-leather-messenger-bag-tan-4552-p655,4,4
https://www.leathercompany.co.uk/handbags-c6/the-bridge-c14/the-bridge-leather-golf-bag-in-brown-hide-078123-p925,4,4
https://www.leathercompany.co.uk/mens-c4/leather-pilot-jacket-with-detachable-collar-cognac-justin-p6115,4,2
https://www.leathercompany.co.uk/mens-c4/leather-jackets-c25/bomber-styles-c99/leather-pilot-jacket-with-detachable-fur-collar-black-antonio-p3097,3,3
https://www.leathercompany.co.uk/luggage-c7/ashwood-hampstead-travel-range-c137/ashwood-leather-rucksack-tan-harvey-p1349,3,3
https://www.leathercompany.co.uk/mens-c4/sheepskin-jackets-c26/pilot-style-c120/luxury-sheepskin-pilot-bomber-jacket-with-a-mink-collar-black-eilhart-p3763,3,3
https://www.leathercompany.co.uk/mens-c4/leather-jackets-c25/trapper-men-s-leather-biker-jacket-charcoal-edison-p6861,3,1
https://www.leathercompany.co.uk/mens-c4/man-bags-briefcases-c12/laptop-messenger-bags-c113/leather-vintage-laptop-work-bag-black-mud-f-83-p2423,3,1
https://www.leathercompany.co.uk/mens-c4/ashwood-leather-wallet-and-keyring-gift-set-chestnut-gs-1287-p2406,3,3
https://www.leathercompany.co.uk/mens-c4/mens-nappa-leather-detachable-double-collar-jacket-cognac-trap-ryan-p5801,3,3
https://www.leathercompany.co.uk/mens-c4/leather-jackets-c25/mens-quilted-leather-jacket-brown-m-14-p6870,3,2
https://www.leathercompany.co.uk/luggage-c7/holdall-c15/large-leather-vintage-holdall-tan-f-87-p2403,3,2
https://www.leathercompany.co.uk/ladies-c3/mens-leather-backpack-black-gb-jordan-p6352,3,3
https://www.leathercompany.co.uk/mens-c4/man-bags-briefcases-c12/mens-leather-backpack-rucksack-chestnut-p330,3,3
https://www.leathercompany.co.uk/handbags-c6/ashwood-c30/vintage-two-pocket-leather-shoulder-bag-black-g21-p3609,3,3
https://www.leathercompany.co.uk/ladies-c3/fur-coats-c77/belted-rex-rabbit-3-4-sleeve-fur-coat-blue-montana-p1406,3,2
https://www.leathercompany.co.uk/ladies-c3/womens-luxury-shearling-jacket-brown-cream-alayna-p3379,3,1
https://www.leathercompany.co.uk/mens-c4/man-bags-briefcases-c12/ashwood-mens-three-pocket-luxury-small-leather-flight-bag-tan-4551-p653,3,3
https://www.leathercompany.co.uk/handbags-c6/cross-body-bag-c87/vintage-small-leather-travel-shoulder-bag-honey-tan-g24-p3700,3,3
https://www.leathercompany.co.uk/mens-c4/man-bags-briefcases-c12/laptop-messenger-bags-c113/leather-vintage-laptop-work-bag-brandy-f-83-p2424,3,1
https://www.leathercompany.co.uk/mens-c4/sheepskin-jackets-c26/sheepskin-flying-jacket-ginger-leo-p101,3,3
https://www.leathercompany.co.uk/gift-accessories-c8/gift-sets-c188/mens-leather-wallet-key-ring-gift-set-navy-pink-blue-gb-301-gs-p7290,3,3
https://www.leathercompany.co.uk/handbags-c6/ashwood-two-section-leather-tote-bag-teal-c-52-p5417,3,3
https://www.leathercompany.co.uk/mens-c4/sheepskin-jackets-c26/lambskin-leather-and-sheepskin-lined-jacket-brown-kiruna-p1288,3,3
https://www.leathercompany.co.uk/luggage-c7/holdall-c15/large-leather-vintage-holdall-black-mud-f-87-p2401,3,2
https://www.leathercompany.co.uk/ladies-c3/sheepskin-jackets-c11/long-length-sheepskin-coat-tan-sophia-p104,2,2
https://www.leathercompany.co.uk/handbags-c6/ashwood-c30/vintage-small-leather-shoulder-bag-honey-g20-p3608,2,2
https://www.leathercompany.co.uk/mens-c4/fenland-mens-nubuck-leather-jacket-rust-carter-p5770,2,2
https://www.leathercompany.co.uk/mens-c4/man-bags-briefcases-c12/flight-bags-c118/leather-vintage-flight-shoulder-bag-brandy-f-84-p2393,2,1
https://www.leathercompany.co.uk/mens-c4/ashwood-large-vintage-leather-backpack-tan-ruben-p6190,2,2
https://www.leathercompany.co.uk/handbags-c6/ashwood-leather-crocodile-print-two-section-with-mid-purse-bag-green-c-54-p5425,2,2
https://www.leathercompany.co.uk/gift-accessories-c8/womens-leather-belts-c208/womens-croc-print-leather-belt-with-gold-metal-pin-buckle-black-c-99-p7208,2,2
https://www.leathercompany.co.uk/handbags-c6/cross-body-bag-c87/ashwood-womens-vintage-small-leather-shoulder-bag-red-g20-p7182,2,2
https://www.leathercompany.co.uk/mens-c4/man-bags-briefcases-c12/ashwood-luggage-mens-leather-laptop-messenger-bag-brown-crum-8343-p297,2,2
https://www.leathercompany.co.uk/handbags-c6/ashwood-leather-crocodile-print-shopper-bag-green-c-56-p5435,2,2
https://www.leathercompany.co.uk/luggage-c7/manbags-briefcases-c64/leather-vintage-medium-flight-shoulder-bag-brandy-f-82-p2390,2,1
https://www.leathercompany.co.uk/ladies-c3/sheepskin-slippers-beige-gold-ladies-booties-p4044,2,1
https://www.leathercompany.co.uk/ladies-c3/womens-fashion-leather-biker-style-jacket-beige-1133-p7118,2,2
https://www.leathercompany.co.uk/ladies-c3/womens-luxury-shearling-aviator-jacket-black-brissa-noemi-p4392,2,2
https://www.leathercompany.co.uk/ladies-c3/ashwood-vegetable-tanned-large-leather-bag-chestnut-v-29-p5289,2,2
https://www.leathercompany.co.uk/mens-c4/man-bags-briefcases-c12/flight-bags-c118/leather-vintage-flight-shoulder-bag-black-mud-f-84-p2392,2,1
https://www.leathercompany.co.uk/mens-c4/man-bags-briefcases-c12/small-leather-work-briefcase-black-mud-4553-p631,2,1
https://www.leathercompany.co.uk/mens-c4/fenland-mens-nubuck-leather-jacket-brown-holt-p5771,2,1
https://www.leathercompany.co.uk/handbags-c6/ashwood-c30/vintage-woven-leather-shoulder-bag-red-d-73-p4256,2,2
https://www.leathercompany.co.uk/sheepskin-fur-c5/ladies-fur-coats-c76/raccoon-and-rex-rabbit-cropped-sleeve-coat-black-kaitlin-p1412,2,2
https://www.leathercompany.co.uk/mens-c4/leather-jackets-c25/blouson-casual-styles-c123/leather-shirt-jacket-black-essex-p1504,2,2
https://www.leathercompany.co.uk/mens-c4/man-bags-briefcases-c12/mens-vintage-wash-leather-a4-side-bag-rust-7994-p676,2,2
https://www.leathercompany.co.uk/ladies-c3/leather-jackets-c9/casual-styles-c124/womens-collarless-leather-jacket-black-app-chambery-p3283,2,2
https://www.leathercompany.co.uk/mens-c4/leather-jackets-c25/3-4-styles-c100/mens-2-in1-leather-jacket-black-gustavo-p3030,2,2
https://www.leathercompany.co.uk/luggage-c7/backpacks-rucksacks-c52/ashwood-unisex-leather-vintage-wash-backpack-rust-7999-p1450,2,1
https://www.leathercompany.co.uk/mens-c4/sheepskin-jackets-c26/sheepskin-flying-jacket-antique-leo-p812,2,2
https://www.leathercompany.co.uk/sheepskin-fur-c5/mens-sheepskin-jackets-c35/leather-sheepskin-flying-jacket-black-anton-p3053,2,2
https://www.leathercompany.co.uk/mens-c4/man-bags-briefcases-c12/flight-bags-c118/leather-vintage-flight-shoulder-bag-tan-f-84-p2394,2,1
https://www.leathercompany.co.uk/ladies-c3/short-leather-biker-jacket-raspberry-brooklyn-p3409,2,2
https://www.leathercompany.co.uk/ladies-c3/natural-sheepskin-hot-water-bottle-cover-duck-egg-hw-bottle-cover-p5250,2,1
https://www.leathercompany.co.uk/ladies-c3/leather-biker-jacket-black-meghan-p4330,2,2
https://www.leathercompany.co.uk/mens-c4/man-bags-briefcases-c12/mens-small-vintage-leather-travel-bag-rust-7993-p675,2,1
https://www.leathercompany.co.uk/luggage-c7/mens-leather-suit-carrier-chestnut-harper-p595,2,2
https://www.leathercompany.co.uk/sheepskin-fur-c5/sheepskin-footwear-c46/classic-ladies-suede-sheepskin-slippers-chestnut-p3128,2,1
https://www.leathercompany.co.uk/handbags-c6/ashwood-c30/vintage-woven-leather-shoulder-bag-taupe-d-73-p4257,2,1
https://www.leathercompany.co.uk/mens-c4/man-bags-briefcases-c12/vintage-a4-messenger-bag-rust-7995-p677,2,1
https://www.leathercompany.co.uk/mens-c4/leather-jackets-c25/biker-styles-c97/leather-biker-jacket-black-tan-kingston-p3118,1,1
https://www.leathercompany.co.uk/gift-accessories-c8/wallets-c16/ashwood-leather-travel-wallet-chestnut-tw-01-p1358,1,1
https://www.leathercompany.co.uk/sheepskin-fur-c5/mens-sheepskin-jackets-c35/hand-buffed-soft-sheepskin-pilot-jacket-brown-ginger-maxwell-p1513,1,1
https://www.leathercompany.co.uk/mens-c4/man-bags-briefcases-c12/mens-triple-gusset-heavy-duty-leather-briefcase-mud-mud-gareth-p147,1,1
https://www.leathercompany.co.uk/ladies-c3/leather-trousers-brown-766-p1625,1,1
https://www.leathercompany.co.uk/ladies-c3/leather-jackets-c9/leather-jacket-navy-agnus-p275,1,1
https://www.leathercompany.co.uk/ladies-c3/leather-jackets-c9/biker-styles-c78/leather-biker-jacket-red-lola-p3946,1,1
https://www.leathercompany.co.uk/mens-c4/mens-leather-card-holder-key-ring-gift-set-brown-gs-1234-p7447,1,1
https://www.leathercompany.co.uk/mens-c4/leather-jackets-c25/biker-styles-c97/mens-hooded-leather-jacket-cognac-harrison-p7570,1,1
https://www.leathercompany.co.uk/mens-c4/leather-jackets-c25/biker-styles-c97/vintage-biker-leather-jacket-racing-green-ivar-p3693,1,1
https://www.leathercompany.co.uk/ladies-c3/skirts-jeans-c74/jeans-trousers-c128/womens-flared-60s-suede-leather-jeans-brown-suede-flared-3587-p3328,1,1
https://www.leathercompany.co.uk/sheepskin-fur-c5/mens-sheepskin-jackets-c35/mens-sheepskin-flying-jacket-whiskey-cream-hunter-p3351,1,1
https://www.leathercompany.co.uk/luggage-c7/trolleys-c33/vegetable-tanned-leather-luggage-cabin-trolley-chestnut-89150-p1347,1,1
https://www.leathercompany.co.uk/mens-c4/sheepskin-jackets-c26/side-zip-biker-sheepskin-pilot-jacket-tan-franco-p1418,1,1
https://www.leathercompany.co.uk/mens-c4/leather-jackets-c25/biker-styles-c97/mens-detachable-hood-leather-jacket-blue-wash-regal-p7499,1,1
https://www.leathercompany.co.uk/gift-accessories-c8/wallets-c16/ashwood-vintage-dipped-9-card-bill-fold-leather-wallet-rust-1775-p895,1,1
https://www.leathercompany.co.uk/mens-c4/leather-jackets-c25/leather-jacket-nevada-timber-edinburgh-p235,1,1
https://www.leathercompany.co.uk/ladies-c3/ladies-waistcoats-c47/hooded-long-suede-toscana-gilet-whisky-mariana-p1353,1,1
https://www.leathercompany.co.uk/luggage-c7/holdall-c15/mens-large-leather-weekend-holdall-brown-tum-charles-p917,1,1
https://www.leathercompany.co.uk/ladies-c3/leather-jackets-c9/biker-styles-c78/leather-biker-jacket-bottle-green-essen-p2346,1,1
https://www.leathercompany.co.uk/ladies-c3/leather-jackets-c9/biker-styles-c78/womens-side-zip-leather-biker-jacket-d-cognac-3054-p7153,1,1
https://www.leathercompany.co.uk/luggage-c7/backpacks-rucksacks-c52/large-waxy-leather-backpack-brown-tommy-p6989,1,1
https://www.leathercompany.co.uk/ladies-c3/leather-jackets-c9/biker-styles-c78/leather-biker-jacket-red-scarlett-p2485,1,1
https://www.leathercompany.co.uk/mens-c4/leather-jackets-c25/biker-styles-c97/mens-leather-fashion-biker-jacket-white-stefan-p7176,1,1
https://www.leathercompany.co.uk/ladies-c3/womens-sheepskin-gloves-beige-db-806-p6565,1,1
https://www.leathercompany.co.uk/mens-c4/fenland-mens-nubuck-leather-jacket-brown-carter-p5769,1,1
https://www.leathercompany.co.uk/mens-c4/man-bags-briefcases-c12/mens-double-clasp-laptop-satchel-chestnut-vt-jasper-p662,1,1
https://www.leathercompany.co.uk/sheepskin-fur-c5/ladies-sheepskin-jackets-c13/short-oversize-sheepskin-aviator-flying-jacket-brown-cream-wynter-p2977,1,1
https://www.leathercompany.co.uk/mens-c4/the-bridge-medium-italian-travel-briefcase-with-lock-brown-64215-01-14-nh-p6307,1,1
https://www.leathercompany.co.uk/ladies-c3/ashwood-curve-zip-top-leather-cross-body-bag-royal-blue-63028-p5618,1,1
https://www.leathercompany.co.uk/ladies-c3/fur-parkas-c72/hooded-toscana-tipped-fur-parka-with-detachable-fur-trim-lining-blue-brown-kaylee-p1427,1,1
https://www.leathercompany.co.uk/mens-c4/man-bags-briefcases-c12/flight-bags-c118/small-vintage-leather-messenger-bag-brown-miro-p4218,1,1
https://www.leathercompany.co.uk/ladies-c3/leather-jackets-c9/biker-styles-c78/leather-biker-jacket-mid-brown-nap-britney-p3010,1,1
https://www.leathercompany.co.uk/handbags-c6/ashwood-c30/vintage-woven-leather-shoulder-bag-dark-brown-d-73-p4253,1,1
https://www.leathercompany.co.uk/ladies-c3/fur-parkas-c72/hooded-toscana-tipped-military-parka-with-detachable-fur-trim-lining-khaki-green-brown-kaylee-p1430,1,1
https://www.leathercompany.co.uk/gift-accessories-c8/purses-c36/small-purses-c94/vintage-woven-leather-zip-around-small-6-card-coin-purse-cognac-d-80-p4275,1,1
https://www.leathercompany.co.uk/mens-c4/man-bags-briefcases-c12/medium-leather-work-briefcase-black-mud-4554-p933,1,1
https://www.leathercompany.co.uk/mens-c4/man-bags-briefcases-c12/leather-briefcase-brown-8190-p122,1,1
https://www.leathercompany.co.uk/luggage-c7/backpacks-rucksacks-c52/unisex-leather-vintage-backpack-black-mud-f-86-p2398,1,1
https://www.leathercompany.co.uk/handbags-c6/ashwood-c30/vintage-mini-leather-cross-body-shoulder-bag-with-chain-strap-black-g27-p3625,1,1
https://www.leathercompany.co.uk/mens-c4/man-bags-briefcases-c12/leather-briefcase-cognac-vt-8190-p123,1,1
https://www.leathercompany.co.uk/ladies-c3/sheepskin-jackets-c11/shearling-style-c111/luxury-side-zip-sheepskin-pilot-jacket-light-tan-caitlin-p3769,1,1
https://www.leathercompany.co.uk/mens-c4/sheepskin-jackets-c26/sheepskin-flying-jacket-brn-cream-ivan-p1252,1,1
https://www.leathercompany.co.uk/handbags-c6/leather-snake-print-crossbody-saddle-bag-ice-grey-63285-p5473,1,1
https://www.leathercompany.co.uk/ladies-c3/large-quilted-leather-zip-around-note-and-coin-purse-green-qlp-p5338,1,1
https://www.leathercompany.co.uk/mens-c4/mens-leather-and-fabric-gloves-black-708-p4419,1,1
https://www.leathercompany.co.uk/handbags-c6/backpacks-c89/ashwood-2-in-1-leather-backpack-handbag-panna-cotta-cream-62237-p2511,1,1
https://www.leathercompany.co.uk/ladies-c3/sheepskin-jackets-c11/fitted-sheepskin-aviator-flying-jacket-tan-winnipeg-p872,1,1
https://www.leathercompany.co.uk/ladies-c3/long-length-toscana-suede-leather-coat-ocean-alaska-p3679,1,1
https://www.leathercompany.co.uk/mens-c4/man-bags-briefcases-c12/backpacks-c116/vintage-oily-hunter-leather-backpack-brown-kane-p3244,1,1
https://www.leathercompany.co.uk/mens-c4/man-bags-briefcases-c12/mens-leather-backpack-rucksack-brown-p611,1,1
https://www.leathercompany.co.uk/mens-c4/man-bags-briefcases-c12/five-pocket-carry-all-leather-messenger-bag-tan-col-pedro-p641,1,1
https://www.leathercompany.co.uk/luggage-c7/two-section-waxy-leather-work-bag-cognac-w-75-p5509,1,1
https://www.leathercompany.co.uk/mens-c4/leather-jackets-c25/two-button-leather-blazer-tan-capone-p1085,1,1
https://www.leathercompany.co.uk/ladies-c3/leather-jackets-c9/biker-styles-c78/short-vegetable-tanned-leather-biker-jacket-white-jenner-p2293,1,1
https://www.leathercompany.co.uk/mens-c4/man-bags-briefcases-c12/small-leather-work-briefcase-tan-brown-4553-p932,1,1
https://www.leathercompany.co.uk/luggage-c7/holdall-c15/mens-large-travel-holdall-black-paddington-p6470,1,1
https://www.leathercompany.co.uk/mens-c4/leather-jackets-c25/biker-styles-c97/mens-detachable-hood-leather-jacket-stone-wash-regal-p7500,1,1
https://www.leathercompany.co.uk/handbags-c6/backpacks-c89/ashwood-2-in-1-leather-backpack-handbag-blush-62237-p2510,1,1
https://www.leathercompany.co.uk/luggage-c7/ashwood-f-range-travel-luggage-c154/leather-vintage-medium-flight-shoulder-bag-black-mud-f-82-p2389,1,1
https://www.leathercompany.co.uk/mens-c4/mens-fashion-cowhide-leather-jacket-black-rocco-p4136,1,1
https://www.leathercompany.co.uk/mens-c4/man-bags-briefcases-c12/flight-bags-c118/vintage-leather-travel-waist-bag-tan-ed-p2929,1,1
https://www.leathercompany.co.uk/mens-c4/man-bags-briefcases-c12/ashwood-soft-leather-handcrafted-briefcase-black-elliot-p633,1,1
https://www.leathercompany.co.uk/ladies-c3/handbags-c10/ashwood-two-sections-shoulder-bag-burgundy-aw0022-p5310,1,1
https://www.leathercompany.co.uk/ladies-c3/skirts-jeans-c74/jeans-trousers-c128/womens-snake-print-leather-trousers-black-croc-766-p3331,1,1
https://www.leathercompany.co.uk/mens-c4/leather-jackets-c25/biker-styles-c97/mens-side-zip-leather-biker-jacket-cognac-harley-p7080,1,1
https://www.leathercompany.co.uk/ladies-c3/leather-jackets-c9/womens-long-length-gothic-coat-black-nap-lucine-p1249,1,1
https://www.leathercompany.co.uk/mens-c4/man-bags-briefcases-c12/laptop-messenger-bags-c113/14-inch-vegetable-tanned-leather-satchel-chestnut-vt-josh-p3342,1,1
https://www.leathercompany.co.uk/ladies-c3/leather-jackets-c9/biker-styles-c78/womens-fashion-leather-biker-style-jacket-beige-1127-p7114,1,1
https://www.leathercompany.co.uk/ladies-c3/tab-small-zip-top-leather-cross-body-bag-papaya-p4340,1,1
https://www.leathercompany.co.uk/mens-c4/man-bags-briefcases-c12/ashwood-luggage-mens-leather-laptop-messenger-bag-black-crum-8343-p296,1,1
https://www.leathercompany.co.uk/mens-c4/sheepskin-jackets-c26/side-zip-biker-sheepskin-pilot-jacket-black-franco-p1310,1,1
https://www.leathercompany.co.uk/ladies-c3/skirts-jeans-c74/jeans-trousers-c128/womens-flared-60s-suede-leather-jeans-beige-suede-flared-3587-p3327,1,1
https://www.leathercompany.co.uk/luggage-c7/manbags-briefcases-c64/ashwood-unisex-leather-backpack-tan-brown-4555-p936,1,1
https://www.leathercompany.co.uk/mens-c4/mens-leather-biker-jacket-burgundy-axel-p6150,1,1
https://www.leathercompany.co.uk/mens-c4/man-bags-briefcases-c12/laptop-messenger-bags-c113/large-leather-vintage-messenger-bag-tan-robin-p2936,1,1
https://www.leathercompany.co.uk/mens-c4/leather-jackets-c25/biker-styles-c97/monomoi-mens-hooded-leather-jacket-tan-di-franco-p6339,1,1
https://www.leathercompany.co.uk/mens-c4/sheepskin-jackets-c26/sheepskin-coat-tan-hektor-p807,1,1
https://www.leathercompany.co.uk/ladies-c3/handbags-c10/tab-small-zip-top-leather-cross-body-bag-black-p189,1,1
https://www.leathercompany.co.uk/ladies-c3/brampton-ladies-leather-longline-biker-jacket-black-llb-p5736,1,1
https://www.leathercompany.co.uk/ladies-c3/accessories-c24/gloves-c102/ashwood-zip-and-stitch-detail-leather-gloves-black-373-p1691,1,1
https://www.leathercompany.co.uk/mens-c4/man-bags-briefcases-c12/leather-briefcase-black-vt-8190-p121,1,1