Ashwood Mens Collection 2022,,,,factory 1,factory 2,Factory 3,Factory 4,,
,,,,,,,,,
Customer Name:,,,,,,,,,
Address:,,,,,,1.2,,,
Customer Order No:,,,,,,Ex works UK,,,
Cat Page,Collection,Style,Leather,Colour,Price in GBP, Approx Price in EURO,YOUR ORDER,BARCODE,Amount Total GBP
4,KENSINGTON,K-40,,CHESTNUT,£28.00,€ 33.60,0,5060999705534,€ 0.00
4,KENSINGTON,K-40,,BROWN,£28.00,€ 33.60,0,5060999705527,€ 0.00
4,KENSINGTON,K-41,,CHESTNUT,£22.00,€ 24.92,0,5060999705558,€ 0.00
4,KENSINGTON,K-41,,BROWN,£22.00,€ 24.92,0,5060999705541,€ 0.00
4,KENSINGTON,K-42,,CHESTNUT,£32.00,€ 36.26,0,5060999705572,€ 0.00
4,KENSINGTON,K-42,,BROWN,£32.00,€ 36.26,0,5060999705565,€ 0.00
4,KENSINGTON,K-43,,CHESTNUT,£30.00,€ 33.98,0,5060999705596,€ 0.00
4,KENSINGTON,K-43,,BROWN,£30.00,€ 33.98,0,5060999705589,€ 0.00
5,KENSINGTON,K-44,,CHESTNUT,£18.00,€ 20.39,0,5060999705619,€ 0.00
5,KENSINGTON,K-44,,BROWN,£18.00,€ 20.39,0,5060999705602,€ 0.00
5,KENSINGTON,K-45,,CHESTNUT,£26.00,€ 29.45,0,5060999705633,€ 0.00
5,KENSINGTON,K-45,,BROWN,£26.00,€ 29.45,0,5060999705626,€ 0.00
5,KENSINGTON,K-46,,CHESTNUT,£52.00,€ 58.91,0,5060999705657,€ 0.00
5,KENSINGTON,K-46,,BROWN,£52.00,€ 58.91,0,5060999705640,€ 0.00
6,KENSINGTON,K-47,,CHESTNUT,£56.00,€ 63.44,0,5060999705671,€ 0.00
6,KENSINGTON,K-47,,BROWN,£56.00,€ 63.44,0,5060999705664,€ 0.00
6,KENSINGTON,K-48,,CHESTNUT,£68.00,€ 77.04,0,5060999705695,€ 0.00
6,KENSINGTON,K-48,,BROWN,£68.00,€ 77.04,0,5060999705688,€ 0.00
6,KENSINGTON,K-49,,CHESTNUT,£20.00,€ 22.66,0,5060999705718,€ 0.00
6,KENSINGTON,K-49,,BROWN,£20.00,€ 22.66,0,5060999705701,€ 0.00
7,KENSINGTON,K-50,,BLACK,£66.00,€ 74.78,0,5061027910357,€ 0.00
7,KENSINGTON,K-50,,CHESTNUT,£66.00,€ 74.78,0,5060999705732,€ 0.00
7,KENSINGTON,K-50,,BROWN,£66.00,€ 74.78,0,5060999705725,€ 0.00
8,TILBURY,T-71,BUFF TITAN,BLACK,£45.00,€ 50.99,0,5060821289676,€ 0.00
8,TILBURY,T-71,BUFF TITAN,CHESTNUT,£45.00,€ 50.99,0,5060821289669,€ 0.00
8,TILBURY,T-71,BUFF TITAN,HONEY,£45.00,€ 50.99,0,5060999702892,€ 0.00
8,TILBURY,T-72,BUFF TITAN,BLACK,£26.00,€ 29.46,0,5060821289690,€ 0.00
8,TILBURY,T-72,BUFF TITAN,CHESTNUT,£26.00,€ 29.46,0,5060821289683,€ 0.00
8,TILBURY,T-72,BUFF TITAN,HONEY,£26.00,€ 29.46,0,5060999702908,€ 0.00
8,TILBURY,T-73,BUFF TITAN,BLACK,£30.00,€ 34.00,0,5060821289713,€ 0.00
8,TILBURY,T-73,BUFF TITAN,CHESTNUT,£30.00,€ 34.00,0,5060821289706,€ 0.00
8,TILBURY,T-73,BUFF TITAN,HONEY,£30.00,€ 34.00,0,5060999702915,€ 0.00
9,TILBURY,T-74,BUFF TITAN,BLACK,£16.00,€ 18.13,0,5060821289737,€ 0.00
9,TILBURY,T-74,BUFF TITAN,CHESTNUT,£16.00,€ 18.13,0,5060821289720,€ 0.00
9,TILBURY,T-74,BUFF TITAN,HONEY,£16.00,€ 18.13,0,5060999702922,€ 0.00
9,TILBURY,T-75,BUFF TITAN,BLACK,£20.00,€ 22.66,0,5060821289751,€ 0.00
9,TILBURY,T-75,BUFF TITAN,CHESTNUT,£20.00,€ 22.66,0,5060821289744,€ 0.00
9,TILBURY,T-75,BUFF TITAN,HONEY,£20.00,€ 22.66,0,5060999702939,€ 0.00
9,TILBURY,T-76,BUFF TITAN,BLACK,£50.00,€ 56.66,0,5060821289775,€ 0.00
9,TILBURY,T-76,BUFF TITAN,CHESTNUT,£50.00,€ 56.66,0,5060821289768,€ 0.00
9,TILBURY,T-76,BUFF TITAN,HONEY,£50.00,€ 56.66,0,5060999702946,€ 0.00
9,TILBURY,T-77,BUFF TITAN,BLACK,£60.00,€ 67.97,0,5060821289799,€ 0.00
9,TILBURY,T-77,BUFF TITAN,CHESTNUT,£60.00,€ 67.97,0,5060821289782,€ 0.00
9,TILBURY,T-77,BUFF TITAN,HONEY,£60.00,€ 67.97,0,5060999702953,€ 0.00
9,TILBURY,T-78,BUFF TITAN,BLACK,£16.00,€ 18.13,0,5060821289812,€ 0.00
9,TILBURY,T-78,BUFF TITAN,CHESTNUT,£16.00,€ 18.13,0,5060821289805,€ 0.00
9,TILBURY,T-78,BUFF TITAN,HONEY,£16.00,€ 18.13,0,5060999702960,€ 0.00
10,CHISWICK,DAVID,,BROWN,£34.00,€ 38.54,0,5060999701468,€ 0.00
10,CHISWICK,DAVID,,TAN,£34.00,€ 38.54,0,5060999701451,€ 0.00
10,CHISWICK,DEAN,,BROWN,£28.00,€ 31.74,0,5060999701482,€ 0.00
10,CHISWICK,DEAN,,TAN,£28.00,€ 31.74,0,5060999701475,€ 0.00
10,CHISWICK,DOM,,BROWN,£24.00,€ 27.21,0,5060999701505,€ 0.00
10,CHISWICK,DOM,,TAN,£24.00,€ 27.21,0,5060999701499,€ 0.00
11,CHISWICK,SAVILLE,,BROWN,£64.00,€ 72.55,0,5060999701567,€ 0.00
11,CHISWICK,SAVILLE,,TAN,£64.00,€ 72.55,0,5060999701550,€ 0.00
11,CHISWICK,ROW,,BROWN,£20.00,€ 22.67,0,5060999701543,€ 0.00
11,CHISWICK,ROW,,TAN,£20.00,€ 22.67,0,5060999701536,€ 0.00
11,CHISWICK,AUSTIN,,BROWN,£64.00,€ 72.55,0,5060999701529,€ 0.00
11,CHISWICK,AUSTIN,,TAN,£64.00,€ 72.55,0,5060999701512,€ 0.00
11,CHISWICK,TOMMY,,BROWN,£50.00,€ 56.67,0,5060999701444,€ 0.00
11,CHISWICK,TOMMY,,TAN,£50.00,€ 56.67,0,5060999701437,€ 0.00
12,BRAMPTON,SERGIO,Vintage Washed,BLACK,£32.00,€ 38.40,0,5060821286446,€ 0.00
12,BRAMPTON,SERGIO,Vintage Washed,BRANDY,£32.00,€ 38.40,0,5060821286453,€ 0.00
12,BRAMPTON,SERGIO,Vintage Washed,TAN,£32.00,€ 38.40,0,5060821286460,€ 0.00
12,BRAMPTON,GIN,Vintage Washed,BLACK,£26.00,€ 31.20,0,5060821286231,€ 0.00
12,BRAMPTON,GIN,Vintage Washed,BRANDY,£26.00,€ 31.20,0,5060821286248,€ 0.00
12,BRAMPTON,GIN,Vintage Washed,TAN,£26.00,€ 31.20,0,5060821286255,€ 0.00
12,BRAMPTON,FIN,Vintage Washed,BLACK,£22.00,€ 26.40,0,5060821286200,€ 0.00
12,BRAMPTON,FIN,Vintage Washed,BRANDY,£22.00,€ 26.40,0,5060821286217,€ 0.00
12,BRAMPTON,FIN,Vintage Washed,TAN,£22.00,€ 26.40,0,5060821286224,€ 0.00
12,BRAMPTON,RUBEN,Vintage Washed,BLACK,£39.00,€ 46.80,0,5060821286262,€ 0.00
12,BRAMPTON,RUBEN,Vintage Washed,BRANDY,£39.00,€ 46.80,0,5060821286279,€ 0.00
12,BRAMPTON,RUBEN,Vintage Washed,TAN,£39.00,€ 46.80,0,5060821286286,€ 0.00
13,BRAMPTON,DORIS,Vintage Washed,BLACK,£52.00,€ 62.40,0,5060821286354,€ 0.00
13,BRAMPTON,DORIS,Vintage Washed,BRANDY,£52.00,€ 62.40,0,5060821286361,€ 0.00
13,BRAMPTON,DORIS,Vintage Washed,TAN,£52.00,€ 62.40,0,5060821286378,€ 0.00
13,BRAMPTON,CYRUS,Vintage Washed,BLACK,£36.00,€ 43.20,0,5060821286323,€ 0.00
13,BRAMPTON,CYRUS,Vintage Washed,BRANDY,£36.00,€ 43.20,0,5060821286330,€ 0.00
13,BRAMPTON,CYRUS,Vintage Washed,TAN,£36.00,€ 43.20,0,5060821286347,€ 0.00
13,BRAMPTON,AGNES,Vintage Washed,BLACK,£28.00,€ 33.60,0,5060821286293,€ 0.00
13,BRAMPTON,AGNES,Vintage Washed,BRANDY,£28.00,€ 33.60,0,5060821286309,€ 0.00
13,BRAMPTON,AGNES,Vintage Washed,TAN,£28.00,€ 33.60,0,5060821286316,€ 0.00
13,BRAMPTON,ERWIN,Vintage Washed,BLACK,£20.00,€ 24.00,0,5060821286477,€ 0.00
13,BRAMPTON,ERWIN,Vintage Washed,BRANDY,£20.00,€ 24.00,0,5060821286484,€ 0.00
13,BRAMPTON,ERWIN,Vintage Washed,TAN,£20.00,€ 24.00,0,5060821286491,€ 0.00
13,BRAMPTON,DYLAN,Vintage Washed,BLACK,£64.00,€ 76.80,0,5060821286385,€ 0.00
13,BRAMPTON,DYLAN,Vintage Washed,BRANDY,£64.00,€ 76.80,0,5060821286392,€ 0.00
13,BRAMPTON,DYLAN,Vintage Washed,TAN,£64.00,€ 76.80,0,5060821286408,€ 0.00
13,BRAMPTON,DUFF,Vintage Washed,BLACK,£18.00,€ 21.60,0,5060821286415,€ 0.00
13,BRAMPTON,DUFF,Vintage Washed,BRANDY,£18.00,€ 21.60,0,5060821286422,€ 0.00
13,BRAMPTON,DUFF,Vintage Washed,TAN,£18.00,€ 21.60,0,5060821286439,€ 0.00
14,MAYFAIR,8142,Hi Veg,BROWN,£28.00,€ 33.60,0,5060474525923,€ 0.00
14,MAYFAIR,8142,Hi Veg,TAN,£28.00,€ 33.60,0,5060474526029,€ 0.00
14,MAYFAIR,8143,Hi Veg,BROWN,£60.00,€ 72.00,0,5060474525930,€ 0.00
14,MAYFAIR,8143,Hi Veg,TAN,£60.00,€ 72.00,0,5060474526036,€ 0.00
14,MAYFAIR,8145,Hi Veg,BLACK,£78.00,€ 93.60,0,5061027910074,€ 0.00
14,MAYFAIR,8145,Hi Veg,BROWN,£78.00,€ 93.60,0,5060474525954,€ 0.00
14,MAYFAIR,8145,Hi Veg,TAN,£78.00,€ 93.60,0,5060474526050,€ 0.00
14,MAYFAIR,8140,Hi Veg,BROWN,£24.00,€ 28.80,0,5060474525909,€ 0.00
14,MAYFAIR,8140,Hi Veg,TAN,£24.00,€ 28.80,0,5060474526005,€ 0.00
14,MAYFAIR,8150,Hi Veg,BROWN,£68.00,€ 81.60,0,5060474525992,€ 0.00
14,MAYFAIR,8150,Hi Veg,TAN,£68.00,€ 81.60,0,5060474526098,€ 0.00
15,MAYFAIR,8141,Hi Veg,BROWN,£32.00,€ 38.40,0,5060474525916,€ 0.00
15,MAYFAIR,8141,Hi Veg,TAN,£32.00,€ 38.40,0,5060474526012,€ 0.00
15,MAYFAIR,8144,Hi Veg,BROWN,£64.00,€ 76.80,0,5060474525947,€ 0.00
15,MAYFAIR,8144,Hi Veg,TAN,£64.00,€ 76.80,0,5060474526043,€ 0.00
15,MAYFAIR,8146,Hi Veg,BROWN,£90.00,€ 108.00,0,5060474525961,€ 0.00
15,MAYFAIR,8146,Hi Veg,TAN,£90.00,€ 108.00,0,5060474526067,€ 0.00
15,MAYFAIR,8147,Hi Veg,BROWN,£28.00,€ 33.60,0,5060474525978,€ 0.00
15,MAYFAIR,8147,Hi Veg,TAN,£28.00,€ 33.60,0,5060474526074,€ 0.00
15,MAYFAIR,8148,Hi Veg,BROWN,£90.00,€ 108.00,0,5060474525985,€ 0.00
15,MAYFAIR,8148,Hi Veg,TAN,£90.00,€ 108.00,0,5060474526081,€ 0.00
18,LEEDS,JONES,,OILY BROWN,£58.00,€ 65.76,0,5060999702083,€ 0.00
18,LEEDS,PETER,,OILY BROWN,£44.00,€ 49.87,0,5060999702076,€ 0.00
19,LEEDS,ADRIAN,,OILY BROWN,£78.00,€ 88.41,0,5060999702069,€ 0.00
19,LEEDS,CURTIS,,OILY BROWN,£64.00,€ 72.54,0,5060999702052,€ 0.00
20,OXFORD,11319,Oily Hunter,TORNADO BROWN,£58.00,€ 69.60,0,5060821282370,€ 0.00
20,OXFORD,79014,Oily Hunter,TORNADO BROWN,£90.00,€ 108.00,0,5060821288709,€ 0.00
21,OXFORD,WALTER,Oily Hunter,TORNADO BROWN,£58.00,€ 69.60,0,5060474524254,€ 0.00
21,OXFORD,TOBY,Oily Hunter,TORNADO BROWN,£28.00,€ 33.60,0,5060474524285,€ 0.00
21,OXFORD,DOUG,Oily Hunter,TORNADO BROWN,£32.00,€ 38.40,0,5060474524292,€ 0.00
21,OXFORD,KANE,Oily Hunter,TORNADO BROWN,£50.00,€ 60.00,0,5060474524261,€ 0.00
21,OXFORD,LIAM,Oily Hunter,TORNADO BROWN,£18.00,€ 21.60,0,5060474524230,€ 0.00
21,OXFORD,MARCUS,Oily Hunter,TORNADO BROWN,£64.00,€ 76.80,0,5060474524247,€ 0.00
22,OXFORD,JACKSON,Oily Hunter,TORNADO BROWN,£36.00,€ 43.20,0,5060821287177,€ 0.00
22,OXFORD,JILL,Oily Hunter,TORNADO BROWN,£18.00,€ 21.60,0,5060821287153,€ 0.00
22,OXFORD,JOULES,Oily Hunter,TORNADO BROWN,£26.00,€ 31.20,0,5060821287160,€ 0.00
22,OXFORD,DR. BAG,Oily Hunter,TORNADO BROWN,£68.00,€ 81.60,0,5060821286835,€ 0.00
22,OXFORD,LOU,Oily Hunter,TORNADO BROWN,£20.00,€ 24.00,0,5060821288068,€ 0.00
22,OXFORD,EDWARD,Oily Hunter,TORNADO BROWN,£40.00,€ 48.00,0,5060821286811,€ 0.00
23,OXFORD,SAVOY,Oily Hunter,TORNADO BROWN,£68.00,€ 81.60,0,5060821286743,€ 0.00
23,OXFORD,MADDOX,Oily Hunter,TORNADO BROWN,£44.00,€ 52.80,0,5060821286736,€ 0.00
23,OXFORD,GLADSTONE,Oily Hunter,TORNADO BROWN,£64.00,€ 76.80,0,5060474523639,€ 0.00
24,OXFORD,SAVOY,TWEED,BROWN TWEED,£68.00,€ 81.60,0,5060821288747,€ 0.00
24,OXFORD,MADDOX,TWEED,BROWN TWEED,£44.00,€ 52.80,0,5060821288723,€ 0.00
25,OXFORD,DR. BAG,TWEED,BROWN TWEED,£68.00,€ 81.60,0,5060821286781,€ 0.00
25,OXFORD,DOUG,TWEED,BROWN TWEED,£32.00,€ 38.40,0,5060821287184,€ 0.00
25,OXFORD,TOBY,TWEED,BROWN TWEED,£28.00,€ 33.60,0,5060821286767,€ 0.00
25,OXFORD,LIAM,TWEED,BROWN TWEED,£18.00,€ 21.60,0,5060821286729,€ 0.00
25,OXFORD,MARCUS,TWEED,BROWN TWEED,£64.00,€ 76.80,0,5060821286712,€ 0.00
26,WINDSOR,SAVOY,Oily Brandy,BRANDY ,£68.00,€ 81.60,0,5060821288716,€ 0.00
26,WINDSOR,SAVOY,Oily Brandy,DK BROWN,£68.00,€ 81.60,0,5060821286743,€ 0.00
26,WINDSOR,SAVOY,Oily Brandy,TAN,£68.00,€ 81.60,0,5060821282356,€ 0.00
26,WINDSOR,MADOX,Oily Brandy,BRANDY ,£44.00,€ 52.80,0,5060821288730,€ 0.00
26,WINDSOR,MADOX,Oily Brandy,DK BROWN,£44.00,€ 52.80,0,5060821287191,€ 0.00
26,WINDSOR,MADOX,Oily Brandy,TAN,£44.00,€ 52.80,0,5060821282394,€ 0.00
27,WINDSOR,DR. BAG,Oily Brandy,BRANDY,£68.00,€ 81.60,0,5060821286842,€ 0.00
27,WINDSOR,DR. BAG,Oily Brandy,DK BROWN,£68.00,€ 81.60,0,5060821286774,€ 0.00
27,WINDSOR,DR. BAG,Oily Brandy,TAN,£68.00,€ 81.60,0,5060821286828,€ 0.00
27,WINDSOR,HARPER,Oily Brandy,BRANDY BROWN,£64.00,€ 76.80,0,5060474524469,€ 0.00
27,WINDSOR,DEXTER,Oily Brandy,BRANDY BROWN,£64.00,€ 76.80,0,5060474524575,€ 0.00
27,WINDSOR,RUDY,Oily Brandy,BRANDY BROWN,£18.00,€ 21.60,0,5060474524452,€ 0.00
30,HAMPSTEAD,ELLIOT ,Cow Rhode,BLACK ,£56.00,€ 67.20,0,5060474525312,€ 0.00
30,HAMPSTEAD,ELLIOT ,Cow Rhode,TAN ,£56.00,€ 67.20,0,5060474525305,€ 0.00
30,HAMPSTEAD,OSCAR,Cow Rhode,BLACK ,£40.00,€ 48.00,0,5060474525299,€ 0.00
30,HAMPSTEAD,OSCAR,Cow Rhode,TAN ,£40.00,€ 48.00,0,5060474525282,€ 0.00
30,HAMPSTEAD,FRANCIS,Cow Rhode,BLACK ,£64.00,€ 76.80,0,5060474525350,€ 0.00
30,HAMPSTEAD,FRANCIS,Cow Rhode,TAN ,£64.00,€ 76.80,0,5060474525343,€ 0.00
30,HAMPSTEAD,PHIL,Cow Rhode,BLACK ,£18.00,€ 21.60,0,5060474525374,€ 0.00
30,HAMPSTEAD,PHIL,Cow Rhode,TAN ,£18.00,€ 21.60,0,5060474525367,€ 0.00
31,HAMPSTEAD,JACK,Cow Rhode,BLACK ,£28.00,€ 33.60,0,5060474525275,€ 0.00
31,HAMPSTEAD,JACK,Cow Rhode,TAN ,£28.00,€ 33.60,0,5060474525268,€ 0.00
31,HAMPSTEAD,HARVEY,Cow Rhode,BLACK ,£52.00,€ 62.40,0,5060474525336,€ 0.00
31,HAMPSTEAD,HARVEY,Cow Rhode,TAN ,£52.00,€ 62.40,0,5060474525329,€ 0.00
32,STRATFORD,4551,Milled Veg Tan,BLACK ,£28.00,€ 33.60,0,5060474526463,€ 0.00
32,STRATFORD,4551,Milled Veg Tan,TAN ,£28.00,€ 33.60,0,5060474526470,€ 0.00
32,STRATFORD,4552,Milled Veg Tan,BLACK ,£34.00,€ 40.80,0,5060474526487,€ 0.00
32,STRATFORD,4552,Milled Veg Tan,TAN ,£34.00,€ 40.80,0,5060474526494,€ 0.00
33,STRATFORD,4553,Milled Veg Tan,BLACK ,£44.00,€ 52.80,0,5060474526500,€ 0.00
33,STRATFORD,4553,Milled Veg Tan,TAN ,£44.00,€ 52.80,0,5060474526517,€ 0.00
33,STRATFORD,4554,Milled Veg Tan,BLACK ,£50.00,€ 60.00,0,5060474526524,€ 0.00
33,STRATFORD,4554,Milled Veg Tan,TAN ,£50.00,€ 60.00,0,5060474526531,€ 0.00
33,STRATFORD,4555,Milled Veg Tan,BLACK ,£52.00,€ 62.40,0,5060474521567,€ 0.00
33,STRATFORD,4555,Milled Veg Tan,TAN ,£52.00,€ 62.40,0,5060474521574,€ 0.00
33,STRATFORD,4556,Milled Veg Tan,BLACK ,£66.00,€ 79.20,0,5060474526548,€ 0.00
33,STRATFORD,4556,Milled Veg Tan,TAN ,£66.00,€ 79.20,0,5060474526555,€ 0.00
33,STRATFORD,4557,Milled Veg Tan,BLACK ,£20.00,€ 24.00,0,5060474526562,€ 0.00
33,STRATFORD,4557,Milled Veg Tan,TAN ,£20.00,€ 24.00,0,5060474526579,€ 0.00
34,BATTERSEA,G-30,Buff Crumble,HONEY,£64.00,€ 76.80,0,5060821286521,€ 0.00
34,BATTERSEA,G-30,Buff Crumble,BRANDY,£64.00,€ 76.80,0,5060821286514,€ 0.00
34,BATTERSEA,G-30,Buff Crumble,BLACK,£64.00,€ 76.80,0,5060821286507,€ 0.00
35,BATTERSEA,G-31,Buff Crumble,BLACK,£24.00,€ 28.80,0,5060474526647,€ 0.00
35,BATTERSEA,G-31,Buff Crumble,BRANDY BROWN,£24.00,€ 28.80,0,5060474526654,€ 0.00
35,BATTERSEA,G-31,Buff Crumble,HONEY,£24.00,€ 28.80,0,5060474526661,€ 0.00
35,BATTERSEA,G-32,Buff Crumble,BLACK,£34.00,€ 40.80,0,5060474526678,€ 0.00
35,BATTERSEA,G-32,Buff Crumble,BRANDY BROWN,£34.00,€ 40.80,0,5060474526685,€ 0.00
35,BATTERSEA,G-32,Buff Crumble,HONEY,£34.00,€ 40.80,0,5060474526692,€ 0.00
35,BATTERSEA,G-33,Buff Crumble,BLACK,£26.00,€ 31.20,0,5060474526708,€ 0.00
35,BATTERSEA,G-33,Buff Crumble,BRANDY BROWN,£26.00,€ 31.20,0,5060474526715,€ 0.00
35,BATTERSEA,G-33,Buff Crumble,HONEY,£26.00,€ 31.20,0,5060474526722,€ 0.00
36,BATTERSEA,G-34,Buff Crumble,BLACK,£46.00,€ 55.20,0,5060474526739,€ 0.00
36,BATTERSEA,G-34,Buff Crumble,BRANDY BROWN,£46.00,€ 55.20,0,5060474526746,€ 0.00
36,BATTERSEA,G-34,Buff Crumble,HONEY,£64.00,€ 76.80,0,5060474526753,€ 0.00
36,BATTERSEA,G-36,Buff Crumble,BLACK,£60.00,€ 72.00,0,5060474526760,€ 0.00
36,BATTERSEA,G-36,Buff Crumble,BRANDY BROWN,£60.00,€ 72.00,0,5060474526777,€ 0.00
36,BATTERSEA,G-36,Buff Crumble,HONEY,£60.00,€ 72.00,0,5060474526784,€ 0.00
36,BATTERSEA,G-37,Buff Crumble,BLACK,£18.00,€ 21.60,0,5060821280222,€ 0.00
36,BATTERSEA,G-37,Buff Crumble,BRANDY BROWN,£18.00,€ 21.60,0,5060821280239,€ 0.00
36,BATTERSEA,G-37,Buff Crumble,HONEY,£18.00,€ 21.60,0,5060821281380,€ 0.00
37,BATTERSEA,G-38,Buff Crumble,BLACK,£54.00,€ 64.80,0,5060821286538,€ 0.00
37,BATTERSEA,G-38,Buff Crumble,BRANDY BROWN,£54.00,€ 64.80,0,5060821286545,€ 0.00
37,BATTERSEA,G-38,Buff Crumble,HONEY,£54.00,€ 64.80,0,5060821286552,€ 0.00
37,BATTERSEA,G-39,Buff Crumble,BLACK,£32.00,€ 38.40,0,5060821286682,€ 0.00
37,BATTERSEA,G-39,Buff Crumble,BRANDY BROWN,£32.00,€ 38.40,0,5060821286699,€ 0.00
37,BATTERSEA,G-39,Buff Crumble,HONEY,£32.00,€ 38.40,0,5060821286705,€ 0.00
38,CHELSEA AND WESTMINSTER,PEDRO,Veg Tan,BROWN,£44.00,€ 52.80,0,5060474523653,€ 0.00
38,CHELSEA AND WESTMINSTER,PEDRO,Veg Tan,MUD,£44.00,€ 52.80,0,5060474524353,€ 0.00
38,CHELSEA AND WESTMINSTER,PEDRO,Veg Tan,COGNAC,£44.00,€ 52.80,0,5060474522021,€ 0.00
38,CHELSEA AND WESTMINSTER,PEDRO,Veg Tan,TAN,£44.00,€ 52.80,0,5060474525183,€ 0.00
38,CHELSEA AND WESTMINSTER,PEDRO,Veg Tan,M-BROWN,£44.00,€ 52.80,0,5060474525176,€ 0.00
38,CHELSEA AND WESTMINSTER,ALBERT,Veg Tan,CHESTNUT,£78.00,€ 93.60,0,5060474524315,€ 0.00
39,CHELSEA AND WESTMINSTER,8190,Veg Tan,BLACK,£58.00,€ 69.60,0,5060474523950,€ 0.00
39,CHELSEA AND WESTMINSTER,8190,Veg Tan,COGNAC,£58.00,€ 69.60,0,5060474523981,€ 0.00
39,CHELSEA AND WESTMINSTER,8190,Veg Tan,CHESTNUT,£58.00,€ 69.60,0,5060474523943,€ 0.00
39,CHELSEA AND WESTMINSTER,8190,Veg Tan,BROWN,£58.00,€ 69.60,0,5060474523936,€ 0.00
39,CHELSEA AND WESTMINSTER,HARPER,Veg Tan,CHESTNUT,£64.00,€ 76.80,0,5060474524483,€ 0.00
39,CHELSEA AND WESTMINSTER,HARPER,Veg Tan,BROWN,£64.00,€ 76.80,0,5060474523929,€ 0.00
39,CHELSEA AND WESTMINSTER,LEWIS,Veg Tan,CHESTNUT,£76.00,€ 91.20,0,5060474524186,€ 0.00
39,CHELSEA AND WESTMINSTER,HAROLD,Veg Tan,CHESTNUT,£66.00,€ 79.20,0,5060474524179,€ 0.00
39,CHELSEA AND WESTMINSTER,2080,Veg Tan,BLACK,£18.00,€ 21.60,0,5060474524025,€ 0.00
39,CHELSEA AND WESTMINSTER,2080,Veg Tan,COGNAC,£18.00,€ 21.60,0,5060474524001,€ 0.00
39,CHELSEA AND WESTMINSTER,2080,Veg Tan,CHESTNUT,£18.00,€ 21.60,0,5060474524018,€ 0.00
39,CHELSEA AND WESTMINSTER,2080,Veg Tan,BROWN,£18.00,€ 21.60,0,5060474523998,€ 0.00
39,CHELSEA AND WESTMINSTER,JERRY,Veg Tan,BROWN,£22.00,€ 26.40,0,5060474524100,€ 0.00
40,CHELSEA AND WESTMINSTER,RUCKSACK,Veg Tan,CHESTNUT,£48.00,€ 57.60,0,5060474521581,€ 0.00
40,CHELSEA AND WESTMINSTER,RUCKSACK,Veg Tan,BROWN,£48.00,€ 57.60,0,5060474521598,€ 0.00
40,CHELSEA AND WESTMINSTER,BENJAMIN,Veg Tan,CHESTNUT,£32.00,€ 38.40,0,5060474524308,€ 0.00
40,CHELSEA AND WESTMINSTER,BENJAMIN,Veg Tan,BROWN,£32.00,€ 38.40,0,5060474524063,€ 0.00
40,CHELSEA AND WESTMINSTER,JASPER ,Veg Tan,CHESTNUT,£44.00,€ 52.80,0,5060474524209,€ 0.00
40,CHELSEA AND WESTMINSTER,JASPER ,Veg Tan,BROWN,£44.00,€ 52.80,0,5060474523660,€ 0.00
40,CHELSEA AND WESTMINSTER,MURPHY,Veg Tan,CHESTNUT,£26.00,€ 31.20,0,5060474524339,€ 0.00
40,CHELSEA AND WESTMINSTER,MURPHY,Veg Tan,BROWN,£26.00,€ 31.20,0,5060474524087,€ 0.00
40,CHELSEA AND WESTMINSTER,89145,Veg Tan,CHESTNUT,£18.00,€ 21.60,0,5060474523967,€ 0.00
40,CHELSEA AND WESTMINSTER,89145,Veg Tan,BROWN,£18.00,€ 21.60,0,5060474523974,€ 0.00
41,CHELSEA AND WESTMINSTER,GARETH ,Veg Tan,CHESTNUT,£64.00,€ 76.80,0,5060474524346,€ 0.00
41,CHELSEA AND WESTMINSTER,GARETH ,Veg Tan,BROWN,£64.00,€ 76.80,0,5060474523646,€ 0.00
41,CHELSEA AND WESTMINSTER,GARETH ,Veg Tan,BLACK,£64.00,€ 76.80,0,5060474524162,€ 0.00
41,CHELSEA AND WESTMINSTER,HARRY,Veg Tan,CHESTNUT,£54.00,€ 64.80,0,5060474524223,€ 0.00
41,CHELSEA AND WESTMINSTER,HARRY,Veg Tan,BROWN,£54.00,€ 64.80,0,5060474524056,€ 0.00
41,CHELSEA AND WESTMINSTER,2012,Veg Tan,CHESTNUT,£18.00,€ 21.60,0,5060474524544,€ 0.00
41,CHELSEA AND WESTMINSTER,2012,Veg Tan,BROWN,£18.00,€ 21.60,0,5060474524094,€ 0.00
41,CHELSEA AND WESTMINSTER,A4 SLEEVE,Veg Tan,CHESTNUT,£22.00,€ 26.40,0,5060474524520,€ 0.00
41,CHELSEA AND WESTMINSTER,A4 SLEEVE,Veg Tan,BROWN,£22.00,€ 26.40,0,5060474524513,€ 0.00
41,CHELSEA AND WESTMINSTER,JOSH,Veg Tan,CHESTNUT,£36.00,€ 43.20,0,5060474524322,€ 0.00
41,CHELSEA AND WESTMINSTER,JOSH,Veg Tan,BROWN,£36.00,€ 43.20,0,5060474524070,€ 0.00
41,CHELSEA AND WESTMINSTER,CHARLES,Veg Tan,CHESTNUT ,£64.00,€ 72.76,0,5060474524216,€ 0.00
41,CHELSEA AND WESTMINSTER,CHARLES,Veg Tan,BROWN  ,£64.00,€ 72.76,0,5060474523912,€ 0.00
42,HIGHBURY,FRED,Waxed Vintage,VINTAGE TAN ,£52.00,€ 62.40,0,5060474525381,€ 0.00
42,HIGHBURY,ED,Waxed Vintage,VINTAGE TAN ,£20.00,€ 24.00,0,5060474525404,€ 0.00
42,HIGHBURY,NOAH,Waxed Vintage,VINTAGE TAN ,£30.00,€ 36.00,0,5060821282905,€ 0.00
42,HIGHBURY,PERRY,Waxed Vintage,VINTAGE TAN ,£32.00,€ 38.40,0,5060474525398,€ 0.00
43,HIGHBURY,ADAM,Waxed Vintage,VINTAGE TAN ,£40.00,€ 48.00,0,5060821282929,€ 0.00
43,HIGHBURY,ROBIN,Waxed Vintage,VINTAGE TAN ,£48.00,€ 57.60,0,5060474525893,€ 0.00
43,HIGHBURY,RALPH,Waxed Vintage,VINTAGE TAN ,£58.00,€ 69.60,0,5060821282875,€ 0.00
43,HIGHBURY,LAUREN,Waxed Vintage,VINTAGE TAN ,£56.00,€ 67.20,0,5060821282882,€ 0.00
43,HIGHBURY,OLIVER,Waxed Vintage,VINTAGE TAN ,£66.00,€ 79.20,0,5060821282912,€ 0.00
43,HIGHBURY,SEB,Waxed Vintage,VINTAGE TAN ,£20.00,€ 24.00,0,5060474525411,€ 0.00
44,KNIGHTSBRIDGE ,11319,Veg Tan,BLACK,£58.00,€ 69.60,0,5060821288761,€ 0.00
44,KNIGHTSBRIDGE ,11319,Veg Tan,CHESTNUT ,£58.00,€ 69.60,0,5060821282370,€ 0.00
44,KNIGHTSBRIDGE ,79014,Veg Tan,BLACK,£90.00,€ 108.00,0,5060821288778,€ 0.00
44,KNIGHTSBRIDGE ,79014,Veg Tan,CHESTNUT ,£90.00,€ 108.00,0,5060821288785,€ 0.00
45,KNIGHTSBRIDGE ,89149,Veg Tan,BLACK,£130.00,€ 156.00,0,5060821288792,€ 0.00
45,KNIGHTSBRIDGE ,89149,Veg Tan,CHESTNUT ,£130.00,€ 156.00,0,5060821288808,€ 0.00
45,KNIGHTSBRIDGE ,89150A,Veg Tan,BLACK,£99.00,€ 112.52,0,5060821289560,€ 0.00
45,KNIGHTSBRIDGE ,89150A,Veg Tan,CHESTNUT ,£99.00,€ 112.52,0,5060821289553,€ 0.00
45,KNIGHTSBRIDGE ,89151,Veg Tan,BLACK,£99.00,€ 118.80,0,5060474520300,€ 0.00
45,KNIGHTSBRIDGE ,89151,Veg Tan,CHESTNUT ,£99.00,€ 118.80,0,5060821288822,€ 0.00
47,HAMMERSMITH,GARETH ,COW MUD,MUD,£64.00,€ 76.80,0,5060474524384,€ 0.00
47,HAMMERSMITH,HENRY,COW MUD,MUD,£60.00,€ 72.00,0,5060474524360,€ 0.00
47,HAMMERSMITH,PEDRO,COW MUD,MUD,£44.00,€ 52.80,0,5060474524353,€ 0.00
47,HAMMERSMITH,ALBERT,COW MUD,MUD,£78.00,€ 93.60,0,5060474524377,€ 0.00
47,HAMMERSMITH,7010,COW MUD,MUD,£18.00,€ 21.60,0,5060474524421,€ 0.00
50,WINDMERE,W-70,Waxy,BROWN,£52.00,€ 62.40,0,5060821282455,€ 0.00
50,WINDMERE,W-70,Waxy,TAN,£52.00,€ 62.40,0,5060821282448,€ 0.00
50,WINDMERE,W-71,Waxy,BROWN,£20.00,€ 24.00,0,5060821282479,€ 0.00
50,WINDMERE,W-71,Waxy,TAN,£20.00,€ 24.00,0,5060821282462,€ 0.00
50,WINDMERE,W-72,Waxy,BROWN,£30.00,€ 36.00,0,5060821282493,€ 0.00
50,WINDMERE,W-72,Waxy,TAN,£30.00,€ 36.00,0,5060821282486,€ 0.00
50,WINDMERE,W-73,Waxy,BROWN,£32.00,€ 38.40,0,5060821282516,€ 0.00
50,WINDMERE,W-73,Waxy,TAN,£32.00,€ 38.40,0,5060821282509,€ 0.00
50,WINDMERE,W-74,Waxy,BROWN,£38.00,€ 45.60,0,5060821282554,€ 0.00
50,WINDMERE,W-74,Waxy,TAN,£38.00,€ 45.60,0,5060821282547,€ 0.00
50,WINDMERE,W-76,Waxy,BROWN,£64.00,€ 76.80,0,5060821282592,€ 0.00
50,WINDMERE,W-76,Waxy,TAN,£64.00,€ 76.80,0,5060821282585,€ 0.00
50,WINDMERE,W-77,Waxy,BROWN,£20.00,€ 24.00,0,5060821282615,€ 0.00
50,WINDMERE,W-77,Waxy,TAN,£20.00,€ 24.00,0,5060821282608,€ 0.00
51,WINDMERE,W-81,,BROWN,£9.95,€ 11.94,0,5060821282530,€ 0.00
51,WINDMERE,W-81,,TAN,£9.95,€ 11.94,0,5060821282523,€ 0.00
51,WINDMERE,W-82,,BROWN,£9.95,€ 11.94,0,5060821282639,€ 0.00
51,WINDMERE,W-82,,TAN,£9.95,€ 11.94,0,5060821282622,€ 0.00
51,WINDMERE,W-83,,BROWN,£8.35,€ 10.02,0,5060821282653,€ 0.00
51,WINDMERE,W-83,,TAN,£8.35,€ 10.02,0,5060821282646,€ 0.00
51,WINDMERE,W-84,,BROWN,£6.65,€ 7.98,0,5060821282677,€ 0.00
51,WINDMERE,W-84,,TAN,£6.65,€ 7.98,0,5060821282660,€ 0.00
51,WINDMERE,W-85,,BROWN,£12.95,€ 15.54,0,5060821282691,€ 0.00
51,WINDMERE,W-85,,TAN,£12.95,€ 15.54,0,5060821282684,€ 0.00
52,KINGSBURY,1661,Oily Hunter,BROWN,£28.00,€ 33.60,0,5060821286606,€ 0.00
52,KINGSBURY,1661,Oily Hunter,CHESTNUT,£28.00,€ 33.60,0,5060474526593,€ 0.00
52,KINGSBURY,1662,Oily Hunter,BROWN,£66.00,€ 79.20,0,5060821286590,€ 0.00
52,KINGSBURY,1662,Oily Hunter,CHESTNUT,£66.00,€ 79.20,0,5060474526609,€ 0.00
52,KINGSBURY,1663,Oily Hunter,BROWN,£56.00,€ 67.20,0,5060821286583,€ 0.00
52,KINGSBURY,1663,Oily Hunter,CHESTNUT,£56.00,€ 67.20,0,5060474526616,€ 0.00
52,KINGSBURY,1666,Oily Hunter,BROWN,£68.00,€ 81.60,0,5060821280215,€ 0.00
52,KINGSBURY,1666,Oily Hunter,CHESTNUT,£68.00,€ 81.60,0,5060821282899,€ 0.00
52,KINGSBURY,1667,Oily Hunter,BROWN,£24.00,€ 28.80,0,5060821286569,€ 0.00
52,KINGSBURY,1667,Oily Hunter,CHESTNUT,£24.00,€ 28.80,0,5060474526630,€ 0.00
53,KINGSBURY WALLETS,1881,Oily Hunter,BROWN,£9.95,€ 11.94,0,5060474527330,€ 0.00
53,KINGSBURY WALLETS,1881,Oily Hunter,CHESTNUT,£9.95,€ 11.94,0,5060474527347,€ 0.00
53,KINGSBURY WALLETS,1884,Oily Hunter,BROWN,£11.95,€ 14.34,0,5060474527392,€ 0.00
53,KINGSBURY WALLETS,1884,Oily Hunter,CHESTNUT,£11.95,€ 14.34,0,5060474527408,€ 0.00
53,KINGSBURY WALLETS,1885,Oily Hunter,BROWN,£9.95,€ 11.94,0,5060474527415,€ 0.00
53,KINGSBURY WALLETS,1885,Oily Hunter,CHESTNUT,£9.95,€ 11.94,0,5060474527422,€ 0.00
53,KINGSBURY WALLETS,1886,Oily Hunter,BROWN,£7.95,€ 9.54,0,5060474527439,€ 0.00
53,KINGSBURY WALLETS,1886,Oily Hunter,CHESTNUT,£7.95,€ 9.54,0,5060474527446,€ 0.00
54,KINGSTON WALLETS,1411 C ,Crumble,BLACK,£9.95,€ 11.94,0,5060474527453,€ 0.00
54,KINGSTON WALLETS,1411 C ,Crumble,BROWN,£9.95,€ 11.94,0,5060474527460,€ 0.00
54,KINGSTON WALLETS,1411 C ,Crumble,TAN,£9.95,€ 11.94,0,5060474527477,€ 0.00
54,KINGSTON WALLETS,1415 C ,Crumble,BLACK,£5.95,€ 7.14,0,5060474527514,€ 0.00
54,KINGSTON WALLETS,1415 C ,Crumble,BROWN,£5.95,€ 7.14,0,5060474527521,€ 0.00
54,KINGSTON WALLETS,1415 C ,Crumble,TAN,£5.95,€ 7.14,0,5060474527538,€ 0.00
54,KINGSTON WALLETS,1416 C ,Crumble,BLACK,£4.95,€ 5.94,0,5060474527545,€ 0.00
54,KINGSTON WALLETS,1416 C ,Crumble,BROWN,£4.95,€ 5.94,0,5060474527552,€ 0.00
54,KINGSTON WALLETS,1416 C ,Crumble,TAN,£4.95,€ 5.94,0,5060474527569,€ 0.00
54,KINGSTON WALLETS,1417 C ,Crumble,BLACK,£7.95,€ 9.54,0,5060474527576,€ 0.00
54,KINGSTON WALLETS,1417 C ,Crumble,BROWN,£7.95,€ 9.54,0,5060474527583,€ 0.00
54,KINGSTON WALLETS,1417 C ,Crumble,TAN,£7.95,€ 9.54,0,5060474527590,€ 0.00
55,KINGSTON ,8341,Crumble,BLACK,£24.00,€ 28.80,0,5060474526180,€ 0.00
55,KINGSTON ,8341,Crumble,BROWN ,£24.00,€ 28.80,0,5060474526296,€ 0.00
55,KINGSTON ,8341,Crumble,TAN ,£24.00,€ 28.80,0,5060474526302,€ 0.00
55,KINGSTON ,8342,Crumble,BLACK,£34.00,€ 40.80,0,5060474526319,€ 0.00
55,KINGSTON ,8342,Crumble,BROWN ,£34.00,€ 40.80,0,5060474526326,€ 0.00
55,KINGSTON ,8342,Crumble,TAN ,£34.00,€ 40.80,0,5060474526333,€ 0.00
55,KINGSTON ,8343,Crumble,BLACK,£39.95,€ 47.94,0,5060474526340,€ 0.00
55,KINGSTON ,8343,Crumble,BROWN ,£39.95,€ 47.94,0,5060474526357,€ 0.00
55,KINGSTON ,8343,Crumble,TAN ,£39.95,€ 47.94,0,5060474526364,€ 0.00
56,SHOREDITCH,7990,Vintage Dipped,RUST,£52.00,€ 62.40,0,5060474521611,€ 0.00
56,SHOREDITCH,7990,Vintage Dipped,BROWN,£52.00,€ 62.40,0,5060474521673,€ 0.00
56,SHOREDITCH,7999,Vintage Dipped,RUST,£52.00,€ 62.40,0,5060474526456,€ 0.00
56,SHOREDITCH,7999,Vintage Dipped,BROWN,£52.00,€ 62.40,0,5060821288839,€ 0.00
56,SHOREDITCH,7993,Vintage Dipped,RUST,£32.00,€ 38.40,0,5060821282417,€ 0.00
56,SHOREDITCH,7993,Vintage Dipped,BROWN,£32.00,€ 38.40,0,5060821282400,€ 0.00
56,SHOREDITCH,7994,Vintage Dipped,RUST,£39.00,€ 46.80,0,5060821282431,€ 0.00
56,SHOREDITCH,7994,Vintage Dipped,BROWN,£39.00,€ 46.80,0,5060821282424,€ 0.00
56,SHOREDITCH,7995,Vintage Dipped,RUST,£36.00,€ 43.20,0,5060474526418,€ 0.00
56,SHOREDITCH,7995,Vintage Dipped,BROWN,£36.00,€ 43.20,0,5060821288846,€ 0.00
56,SHOREDITCH,7996,Vintage Dipped,RUST,£48.00,€ 57.60,0,5060474526425,€ 0.00
56,SHOREDITCH,7996,Vintage Dipped,BROWN,£48.00,€ 57.60,0,5060821288853,€ 0.00
56,SHOREDITCH,7997,Vintage Dipped,RUST,£64.00,€ 76.80,0,5060474526432,€ 0.00
56,SHOREDITCH,7997,Vintage Dipped,BROWN,£64.00,€ 76.80,0,5060821288860,€ 0.00
56,SHOREDITCH,7998,Vintage Dipped,RUST,£24.00,€ 28.80,0,5060474526449,€ 0.00
56,SHOREDITCH,7998,Vintage Dipped,BROWN,£24.00,€ 28.80,0,5060821288877,€ 0.00
57,SHOREDITCH WALLETS,1775,Vintage Dipped,RUST,£11.95,€ 14.34,0,5060474527118,€ 0.00
57,SHOREDITCH WALLETS,1775,Vintage Dipped,BROWN,£11.95,€ 14.34,0,5060821283544,€ 0.00
57,SHOREDITCH WALLETS,1776,Vintage Dipped,RUST,£11.95,€ 14.34,0,5060474527125,€ 0.00
57,SHOREDITCH WALLETS,1776,Vintage Dipped,BROWN,£11.95,€ 14.34,0,5060821283551,€ 0.00
57,SHOREDITCH WALLETS,1777,Vintage Dipped,RUST,£6.95,€ 8.34,0,5060474527132,€ 0.00
57,SHOREDITCH WALLETS,1777,Vintage Dipped,BROWN,£6.95,€ 8.34,0,5060821283568,€ 0.00
57,SHOREDITCH WALLETS,1778,Vintage Dipped,RUST,£5.95,€ 7.14,0,5060474527149,€ 0.00
57,SHOREDITCH WALLETS,1778,Vintage Dipped,BROWN,£5.95,€ 7.14,0,5060821283575,€ 0.00
57,SHOREDITCH WALLETS,1779,Vintage Dipped,RUST,£9.95,€ 11.94,0,5060474527156,€ 0.00
57,SHOREDITCH WALLETS,1779,Vintage Dipped,BROWN,£9.95,€ 11.94,0,5060821283582,€ 0.00
57,SHOREDITCH WALLETS,1780,Vintage Dipped,RUST,£9.95,€ 11.94,0,5060474527163,€ 0.00
57,SHOREDITCH WALLETS,1780,Vintage Dipped,BROWN,£9.95,€ 11.94,0,5060821283599,€ 0.00
58,STRATFORD WALLETS,1551,Milled Veg Tan,BLACK,£9.95,€ 11.94,0,5060474527170,€ 0.00
58,STRATFORD WALLETS,1551,Milled Veg Tan,TAN,£9.95,€ 11.94,0,5060474527187,€ 0.00
58,STRATFORD WALLETS,1552,Milled Veg Tan,BLACK,£9.95,€ 11.94,0,5060474527194,€ 0.00
58,STRATFORD WALLETS,1552,Milled Veg Tan,TAN,£9.95,€ 11.94,0,5060474527200,€ 0.00
58,STRATFORD WALLETS,1553,Milled Veg Tan,BLACK,£11.95,€ 14.34,0,5060474527217,€ 0.00
58,STRATFORD WALLETS,1553,Milled Veg Tan,TAN,£11.95,€ 14.34,0,5060474527224,€ 0.00
58,STRATFORD WALLETS,1555,Milled Veg Tan,BLACK,£9.95,€ 11.94,0,5060474527255,€ 0.00
58,STRATFORD WALLETS,1555,Milled Veg Tan,TAN,£9.95,€ 11.94,0,5060474527262,€ 0.00
58,STRATFORD WALLETS,1556,Milled Veg Tan,BLACK,£7.95,€ 9.54,0,5060474527279,€ 0.00
58,STRATFORD WALLETS,1556,Milled Veg Tan,TAN,£7.95,€ 9.54,0,5060474527286,€ 0.00
59,STRATFORD WALLETS,1558,Milled Veg Tan,BLACK,£11.95,€ 14.34,0,5060474527316,€ 0.00
59,STRATFORD WALLETS,1558,Milled Veg Tan,TAN,£11.95,€ 14.34,0,5060474527323,€ 0.00
60,CHELSEA WALLETS ,1211 VT ,Veg Tan,BLACK,£7.95,€ 9.54,0,5060474527637,€ 0.00
60,CHELSEA WALLETS ,1211 VT ,Veg Tan,BROWN,£7.95,€ 9.54,0,5060474527644,€ 0.00
60,CHELSEA WALLETS ,1211 VT ,Veg Tan,TAN,£7.95,€ 9.54,0,5060474527651,€ 0.00
60,CHELSEA WALLETS ,1222 VT ,Veg Tan,BLACK,£7.95,€ 9.54,0,5060474527668,€ 0.00
60,CHELSEA WALLETS ,1222 VT ,Veg Tan,BROWN,£7.95,€ 9.54,0,5060474527675,€ 0.00
60,CHELSEA WALLETS ,1222 VT ,Veg Tan,TAN,£7.95,€ 9.54,0,5060474527682,€ 0.00
60,CHELSEA WALLETS ,1246 VT ,Veg Tan,BLACK,£9.95,€ 11.94,0,5060474527699,€ 0.00
60,CHELSEA WALLETS ,1246 VT ,Veg Tan,BROWN,£9.95,€ 11.94,0,5060474527705,€ 0.00
60,CHELSEA WALLETS ,1246 VT ,Veg Tan,TAN,£9.95,€ 11.94,0,5060474527712,€ 0.00
60,CHELSEA WALLETS ,1258 VT,Veg Tan,BLACK,£9.95,€ 11.94,0,5060474527729,€ 0.00
60,CHELSEA WALLETS ,1258 VT ,Veg Tan,BROWN,£9.95,€ 11.94,0,5060474527736,€ 0.00
60,CHELSEA WALLETS ,1258 VT ,Veg Tan,TAN,£9.95,€ 11.94,0,5060474527743,€ 0.00
60,CHELSEA WALLETS ,1275 VT,Veg Tan,BLACK ,£7.95,€ 9.54,0,5060999704384,€ 0.00
60,CHELSEA WALLETS ,1275 VT,Veg Tan,BROWN,£7.95,€ 9.54,0,5060999704391,€ 0.00
60,CHELSEA WALLETS ,1275 VT,Veg Tan,TAN,£7.95,€ 9.54,0,5060999704407,€ 0.00
60,CHELSEA WALLETS ,1290 VT,Veg Tan,BLACK ,£5.95,€ 6.96,0,5060474527804,€ 0.00
60,CHELSEA WALLETS ,1290 VT,Veg Tan,BROWN,£5.95,€ 6.96,0,5060474527798,€ 0.00
60,CHELSEA WALLETS ,1290 VT,Veg Tan,TAN,£5.95,€ 6.96,0,5060474527781,€ 0.00
61,CHELSEA WALLETS ,1293 VT ,Veg Tan,BLACK,£5.95,€ 7.14,0,5060474527811,€ 0.00
61,CHELSEA WALLETS ,1293 VT ,Veg Tan,BROWN,£5.95,€ 7.14,0,5060474527828,€ 0.00
61,CHELSEA WALLETS ,1293 VT ,Veg Tan,TAN,£5.95,€ 7.14,0,5060474527835,€ 0.00
61,CHELSEA WALLETS ,TW-01,Veg Tan,BLACK,£15.95,€ 19.14,0,5060474526975,€ 0.00
61,CHELSEA WALLETS ,TW-01,Veg Tan,BROWN,£15.95,€ 19.14,0,5060474526982,€ 0.00
61,CHELSEA WALLETS ,TW-01,Veg Tan,CHESTNUT,£15.95,€ 19.14,0,5060474527101,€ 0.00
62,GIFT SETS,GS-1234,,BROWN,£7.95,€ 9.24,0,5060999705459,€ 0.00
62,GIFT SETS,GS-1234,,CHESTNUT,£7.95,€ 9.24,0,5060999705466,€ 0.00
62,GIFT SETS,GS-1234,,BLACK,£7.95,€ 9.24,0,5060999705442,€ 0.00
62,GIFT SETS,GS-1295,,BLACK,£8.75,€ 10.50,0,5060821283292,€ 0.00
62,GIFT SETS,GS-1295,,BROWN,£8.75,€ 10.50,0,5060821283308,€ 0.00
62,GIFT SETS,GS-1295,,CHESTNUT,£8.75,€ 10.50,0,5060821283315,€ 0.00
62,GIFT SETS,GS-1250 M/L,,BLACK,£13.95,€ 16.74,0,5060821283964,€ 0.00
62,GIFT SETS,GS-1250 L/XL,,BLACK,£13.95,€ 16.74,0,5060821283971,€ 0.00
62,GIFT SETS,GS-1250 M/L,,BROWN,£13.95,€ 16.74,0,5060821283988,€ 0.00
62,GIFT SETS,GS-1250 L/XL,,BROWN,£13.95,€ 16.74,0,5060821283995,€ 0.00
62,GIFT SETS,GS-1250 M/L,,CHESTNUT,£13.95,€ 16.74,0,5060821283940,€ 0.00
62,GIFT SETS,GS-1250 L/XL,,CHESTNUT,£13.95,€ 16.74,0,5060821283957,€ 0.00
63,GIFT SETS,GS-1280,,BLACK,£13.95,€ 16.21,0,5060999704414,€ 0.00
63,GIFT SETS,GS-1280,,BROWN,£13.95,€ 16.21,0,5060999704421,€ 0.00
63,GIFT SETS,GS-1280,,CHESTNUT,£13.95,€ 16.21,0,5060999704438,€ 0.00
63,GIFT SETS,GS-1298,,BLACK,£28.00,€ 33.60,0,5060821283261,€ 0.00
63,GIFT SETS,GS-1298,,BROWN,£28.00,€ 33.60,0,5060821283278,€ 0.00
63,GIFT SETS,GS-1298,,CHESTNUT,£28.00,€ 33.60,0,5060821283285,€ 0.00
63,GIFT SETS,GS-1287,,BLACK,£11.95,€ 14.34,0,5060821282349,€ 0.00
63,GIFT SETS,GS-1287,,BROWN,£11.95,€ 14.34,0,5060821280246,€ 0.00
63,GIFT SETS,GS-1287,,CHESTNUT,£11.95,€ 14.34,0,5060821280253,€ 0.00
64,MENS BELTS,MB-102 S/M,,NAVY,£11.95,€ 14.34,0,5061027919534,€ 0.00
64,MENS BELTS,MB-102 L/XL,,NAVY,£11.95,€ 14.34,0,5061027919541,€ 0.00
64,MENS BELTS,MB-102 2XL/3XL,,NAVY,£11.95,€ 14.34,0,5061027919558,€ 0.00
64,MENS BELTS,MB-102 S/M,,BLACK,£11.95,€ 14.34,0,5060821288884,€ 0.00
64,MENS BELTS,MB-102 L/XL,,BLACK,£11.95,€ 14.34,0,5060821288891,€ 0.00
64,MENS BELTS,MB-102 2XL/3XL,,BLACK,£11.95,€ 14.34,0,5060821288907,€ 0.00
64,MENS BELTS,MB-102 S/M,,BROWN,£11.95,€ 14.34,0,5060821288914,€ 0.00
64,MENS BELTS,MB-102 L/XL,,BROWN,£11.95,€ 14.34,0,5060821288921,€ 0.00
64,MENS BELTS,MB-102 2XL/3XL,,BROWN,£11.95,€ 14.34,0,5060821288938,€ 0.00
64,MENS BELTS,MB-102 S/M,,TAN,£11.95,€ 14.34,0,5060821288945,€ 0.00
64,MENS BELTS,MB-102 L/XL,,TAN,£11.95,€ 14.34,0,5060821288969,€ 0.00
64,MENS BELTS,MB-102 2XL/3XL,,TAN,£11.95,€ 14.34,0,5060821288952,€ 0.00
65,MENS BELTS,MB-107 S/M,,NAVY ,£11.95,€ 14.34,0,5061027919565,€ 0.00
65,MENS BELTS,MB-107 L/XL,,NAVY,£11.95,€ 14.34,0,5061027919572,€ 0.00
65,MENS BELTS,MB-107 2XL/3XL,,NAVY,£11.95,€ 14.34,0,5061027919589,€ 0.00
65,MENS BELTS,MB-107 S/M,,BLACK,£11.95,€ 14.34,0,5060821289003,€ 0.00
65,MENS BELTS,MB-107 L/XL,,BLACK,£11.95,€ 14.34,0,5060821289010,€ 0.00
65,MENS BELTS,MB-107 2XL/3XL,,BLACK,£11.95,€ 14.34,0,5060821289027,€ 0.00
65,MENS BELTS,MB-107 S/M,,BROWN,£11.95,€ 14.34,0,5060821289034,€ 0.00
65,MENS BELTS,MB-107 L/XL,,BROWN,£11.95,€ 14.34,0,5060821289041,€ 0.00
65,MENS BELTS,MB-107 2XL/3XL,,BROWN,£11.95,€ 14.34,0,5060821289058,€ 0.00
65,MENS BELTS,MB-107 S/M,,TAN,£11.95,€ 14.34,0,5060821289065,€ 0.00
65,MENS BELTS,MB-107 L/XL,,TAN,£11.95,€ 14.34,0,5060821289072,€ 0.00
65,MENS BELTS,MB-107 2XL/3XL,,TAN,£11.95,€ 14.34,0,5060821289089,€ 0.00
65,MENS BELTS,MB-109 S/M,,NAVY,£11.95,€ 14.34,0,5061027919596,€ 0.00
65,MENS BELTS,MB-109 L/XL,,NAVY,£11.95,€ 14.34,0,5061027919602,€ 0.00
65,MENS BELTS,MB-109 2XL/3XL,,NAVY,£11.95,€ 14.34,0,5061027919619,€ 0.00
65,MENS BELTS,MB-109 S/M,,BLACK,£11.95,€ 14.34,0,5060821289096,€ 0.00
65,MENS BELTS,MB-109 L/XL,,BLACK,£11.95,€ 14.34,0,5060821289102,€ 0.00
65,MENS BELTS,MB-109 2XL/3XL,,BLACK,£11.95,€ 14.34,0,5060821289119,€ 0.00
65,MENS BELTS,MB-109 S/M,,BROWN,£11.95,€ 14.34,0,5060821289126,€ 0.00
65,MENS BELTS,MB-109 L/XL,,BROWN,£11.95,€ 14.34,0,5060821289133,€ 0.00
65,MENS BELTS,MB-109 2XL/3XL,,BROWN,£11.95,€ 14.34,0,5060821289140,€ 0.00
65,MENS BELTS,MB-109 S/M,,TAN ,£11.95,€ 14.34,0,5060821289157,€ 0.00
65,MENS BELTS,MB-109 L/XL,,TAN,£11.95,€ 14.34,0,5060821289164,€ 0.00
65,MENS BELTS,MB-109 2XL/3XL,,TAN,£11.95,€ 14.34,0,5060821289171,€ 0.00
66,MARLEYBONE,5995,BURNT HIGH VEG,COPPER BROWN,£1.95,€ 2.27,0,5060474527071,€ 0.00
66,MARLEYBONE,5995,BURNT HIGH VEG,BRANDY ,£1.95,€ 2.27,0,5060999701093,€ 0.00
66,MARLEYBONE,5995,BURNT HIGH VEG,TAN,£1.95,€ 2.27,0,5060999701109,€ 0.00
66,MARLEYBONE,5996,BURNT HIGH VEG,COPPER BROWN,£3.95,€ 4.61,0,5060474527088,€ 0.00
66,MARLEYBONE,5996,BURNT HIGH VEG,BRANDY ,£3.95,€ 4.61,0,5060999701116,€ 0.00
66,MARLEYBONE,5996,BURNT HIGH VEG,TAN,£3.95,€ 4.61,0,5060999701123,€ 0.00
66,MARLEYBONE,A4 BOOK COVER,BURNT HIGH VEG,COPPER BROWN,£13.95,€ 16.27,0,5060999700942,€ 0.00
66,MARLEYBONE,A4 BOOK COVER,BURNT HIGH VEG,BRANDY ,£13.95,€ 16.27,0,5060999700973,€ 0.00
66,MARLEYBONE,A4 BOOK COVER,BURNT HIGH VEG,TAN,£13.95,€ 16.27,0,5060999701000,€ 0.00
66,MARLEYBONE,A5 BOOK COVER,BURNT HIGH VEG,COPPER BROWN,£11.95,€ 13.95,0,5060999700959,€ 0.00
66,MARLEYBONE,A5 BOOK COVER,BURNT HIGH VEG,BRANDY ,£11.95,€ 13.95,0,5060999700980,€ 0.00
66,MARLEYBONE,A5 BOOK COVER,BURNT HIGH VEG,TAN,£11.95,€ 13.95,0,5060999701017,€ 0.00
66,MARLEYBONE,A6 BOOK COVER,BURNT HIGH VEG,COPPER BROWN,£9.95,€ 11.61,0,5060999700966,€ 0.00
66,MARLEYBONE,A6 BOOK COVER,BURNT HIGH VEG,BRANDY ,£9.95,€ 11.61,0,5060999700997,€ 0.00
66,MARLEYBONE,A6 BOOK COVER,BURNT HIGH VEG,TAN,£9.95,€ 11.61,0,5060999701024,€ 0.00
66,MARLEYBONE,5998,BURNT HIGH VEG,COPPER BROWN,£7.95,€ 9.27,0,5061027919626,€ 0.00
66,MARLEYBONE,5998,BURNT HIGH VEG,BRANDY ,£7.95,€ 9.27,0,5061027919633,€ 0.00
66,MARLEYBONE,5998,BURNT HIGH VEG,TAN,£7.95,€ 9.27,0,5061027919640,€ 0.00
66,MARLEYBONE,5999,BURNT HIGH VEG,COPPER BROWN,£9.95,€ 11.61,0,5061027919657,€ 0.00
66,MARLEYBONE,5999,BURNT HIGH VEG,BRANDY ,£9.95,€ 11.61,0,5061027919664,€ 0.00
66,MARLEYBONE,5999,BURNT HIGH VEG,TAN,£9.95,€ 11.61,0,5061027919671,€ 0.00
67,MARLEYBONE,5991,HIGH VEG,COPPER BROWN,£9.95,€ 11.61,0,5060474527040,€ 0.00
67,MARLEYBONE,5991,HIGH VEG,BRANDY ,£9.95,€ 11.61,0,5060999701031,€ 0.00
67,MARLEYBONE,5991,HIGH VEG,TAN,£9.95,€ 11.61,0,5060999701048,€ 0.00
67,MARLEYBONE,5993,HIGH VEG,COPPER BROWN,£7.95,€ 9.27,0,5060474527057,€ 0.00
67,MARLEYBONE,5993,HIGH VEG,BRANDY ,£7.95,€ 9.27,0,5060999701055,€ 0.00
67,MARLEYBONE,5993,HIGH VEG,TAN,£7.95,€ 9.27,0,5060999701062,€ 0.00
67,MARLEYBONE,5994,HIGH VEG,COPPER BROWN,£9.95,€ 11.61,0,5060474527064,€ 0.00
67,MARLEYBONE,5994,HIGH VEG,BRANDY ,£9.95,€ 11.61,0,5060999701079,€ 0.00
67,MARLEYBONE,5994,HIGH VEG,TAN,£9.95,€ 11.60,0,5060999701086,€ 0.00
68,MENS GLOVES,710,Wool lined,BLACK S,£12.95,€ 15.54,0,5061027919688,€ 0.00
68,MENS GLOVES,710,Wool lined,BLACK M,£12.95,€ 15.54,0,5061027919695,€ 0.00
68,MENS GLOVES,710,Wool lined,BLACK L,£12.95,€ 15.54,0,5061027919701,€ 0.00
68,MENS GLOVES,710,Wool lined,BLACK XL,£12.95,€ 15.54,0,5061027919718,€ 0.00
68,MENS GLOVES,710,Wool lined,BROWN S,£12.95,€ 15.54,0,5061027919749,€ 0.00
68,MENS GLOVES,710,Wool lined,BROWN M,£12.95,€ 15.54,0,5061027919725,€ 0.00
68,MENS GLOVES,710,Wool lined,BROWN L,£12.95,€ 15.54,0,5061027919732,€ 0.00
68,MENS GLOVES,710,Wool lined,BROWN XL,£12.95,€ 15.54,0,5061027919756,€ 0.00
68,MENS GLOVES,710,Wool lined,TAN S ,£12.95,€ 15.54,0,5061027919763,€ 0.00
68,MENS GLOVES,710,Wool lined,TAN M,£12.95,€ 15.54,0,5061027919770,€ 0.00
68,MENS GLOVES,710,Wool lined,TAN L,£12.95,€ 15.54,0,5061027919787,€ 0.00
68,MENS GLOVES,710,Wool lined,TAN XL,£12.95,€ 15.54,0,5061027919794,€ 0.00
68,MENS GLOVES,821,Touch Screen,BLACK S,£13.95,€ 16.74,0,5061027919800,€ 0.00
68,MENS GLOVES,821,Touch Screen,BLACK M,£13.95,€ 16.74,0,5061027919817,€ 0.00
68,MENS GLOVES,821,Touch Screen,BLACK L,£13.95,€ 16.74,0,5061027919824,€ 0.00
68,MENS GLOVES,821,Touch Screen,BLACK XL,£13.95,€ 16.74,0,5061027919831,€ 0.00
68,MENS GLOVES,821,Touch Screen,BROWN S ,£13.95,€ 16.74,0,5061027919848,€ 0.00
68,MENS GLOVES,821,Touch Screen,BROWN M ,£13.95,€ 16.74,0,5061027919855,€ 0.00
68,MENS GLOVES,821,Touch Screen,BROWN L,£13.95,€ 16.74,0,5061027919862,€ 0.00
68,MENS GLOVES,821,Touch Screen,BROWN XL,£13.95,€ 16.74,0,5061027919879,€ 0.00
68,MENS GLOVES,DB-905,Sheep skin,BLACK S/M,£9.95,€ 11.94,0,5061027919886,€ 0.00
68,MENS GLOVES,DB-905,Sheep skin,BLACK L/XL,£9.95,€ 11.94,0,5061027919893,€ 0.00
68,MENS GLOVES,DB-905,Sheep skin,TAUPE S/M,£9.95,€ 11.94,0,5061027919909,€ 0.00
68,MENS GLOVES,DB-905,Sheep skin,TAUPE L/XL,£9.95,€ 11.94,0,5061027919916,€ 0.00
68,MENS GLOVES,DB-905,Sheep skin,BROWN S/M,£9.95,€ 11.94,0,5061027919923,€ 0.00
68,MENS GLOVES,DB-905,Sheep skin,BROWN L/XL,£9.95,€ 11.94,0,5061027919930,€ 0.00
69,MENS GLOVES,775,Driver Lined,BLACK S,£12.95,€ 15.54,0,5061027919947,€ 0.00
69,MENS GLOVES,775,Driver Lined,BLACK M,£12.95,€ 15.54,0,5061027919954,€ 0.00
69,MENS GLOVES,775,Driver Lined,BLACK L,£12.95,€ 15.54,0,5061027919961,€ 0.00
69,MENS GLOVES,775,Driver Lined,BLACK XL,£12.95,€ 15.54,0,5061027919978,€ 0.00
69,MENS GLOVES,775,Driver Lined,TAN S ,£12.95,€ 15.54,0,5061027919985,€ 0.00
69,MENS GLOVES,775,Driver Lined,TAN M,£12.95,€ 15.54,0,5061027919992,€ 0.00
69,MENS GLOVES,775,Driver Lined,TAN L,£12.95,€ 15.54,0,5061042990006,€ 0.00
69,MENS GLOVES,775,Driver Lined,TAN XL,£12.95,€ 15.54,0,5061042990013,€ 0.00
69,MENS GLOVES,750,Driver Unlined,BLACK S,£9.95,€ 11.94,0,5061042990068,€ 0.00
69,MENS GLOVES,750,Driver Unlined,BLACK M,£9.95,€ 11.94,0,5061042990075,€ 0.00
69,MENS GLOVES,750,Driver Unlined,BLACK L,£9.95,€ 11.94,0,5061042990082,€ 0.00
69,MENS GLOVES,750,Driver Unlined,BLACK XL,£9.95,€ 11.94,0,5061042990099,€ 0.00
69,MENS GLOVES,750,Driver Unlined,TAN S,£9.95,€ 11.94,0,5061042990020,€ 0.00
69,MENS GLOVES,750,Driver Unlined,TAN M,£9.95,€ 11.94,0,5061042990037,€ 0.00
69,MENS GLOVES,750,Driver Unlined,TAN L,£9.95,€ 11.94,0,5061042990044,€ 0.00
69,MENS GLOVES,750,Driver Unlined,TAN XL,£9.95,€ 11.94,0,5061042990051,€ 0.00
69,MENS GLOVES,708,Sports Touch Scr,BLACK S,£9.95,€ 11.94,0,5061042990105,€ 0.00
69,MENS GLOVES,708,Sports Touch Scr,BLACK M,£9.95,€ 11.94,0,5061042990112,€ 0.00
69,MENS GLOVES,708,Sports Touch Scr,BLACK L,£9.95,€ 11.94,0,5061042990129,€ 0.00
69,MENS GLOVES,708,Sports Touch Scr,BLACK XL,£9.95,€ 11.94,0,5061042990136,€ 0.00
69,MENS GLOVES,708,Sports Touch Scr,BROWN S ,£9.95,€ 11.94,0,5061042990143,€ 0.00
69,MENS GLOVES,708,Sports Touch Scr,BROWN M,£9.95,€ 11.94,0,5061042990150,€ 0.00
69,MENS GLOVES,708,Sports Touch Scr,BROWN L,£9.95,€ 11.94,0,5061042990167,€ 0.00
69,MENS GLOVES,708,Sports Touch Scr,BROWN XL,£9.95,€ 11.94,0,5061042990174,€ 0.00
69,MENS GLOVES,708,Sports Touch Scr,TAN S ,£9.95,€ 11.94,0,5061042990181,€ 0.00
69,MENS GLOVES,708,Sports Touch Scr,TAN M,£9.95,€ 11.94,0,5061042990198,€ 0.00
69,MENS GLOVES,708,Sports Touch Scr,TAN L,£9.95,€ 11.94,0,5061042990204,€ 0.00
69,MENS GLOVES,708,Sports Touch Scr,TAN XL,£9.95,€ 11.94,0,5061042990211,€ 0.00
69,MENS GLOVES,714,Classic belted,BLACK S,£10.95,€ 13.14,0,5061042990266,€ 0.00
69,MENS GLOVES,714,Classic belted,BLACK M,£10.95,€ 13.14,0,5061042990273,€ 0.00
69,MENS GLOVES,714,Classic belted,BLACK L,£10.95,€ 13.14,0,5061042990280,€ 0.00
69,MENS GLOVES,714,Classic belted,BLACK XL,£10.95,€ 13.14,0,5061042990297,€ 0.00
69,MENS GLOVES,714,Classic belted,BROWN S,£10.95,€ 13.14,0,5061042990228,€ 0.00
69,MENS GLOVES,714,Classic belted,BROWN M,£10.95,€ 13.14,0,5061042990235,€ 0.00
69,MENS GLOVES,714,Classic belted,BROWN L,£10.95,€ 13.14,0,5061042990242,€ 0.00
69,MENS GLOVES,714,Classic belted,BROWN XL,£10.95,€ 13.14,0,5061042990259,€ 0.00
69,MENS GLOVES,799,,BLACK S,£11.95,€ 13.57,0,5061042990303,€ 0.00
69,MENS GLOVES,799,,BLACK M,£11.95,€ 13.57,0,5061042990310,€ 0.00
69,MENS GLOVES,799,,BLACK L,£11.95,€ 13.57,0,5061042990327,€ 0.00
69,MENS GLOVES,799,,BLACK XL,£11.95,€ 13.57,0,5061042990334,€ 0.00
69,MENS GLOVES,799,,BROWN S,£11.95,€ 13.57,0,5061042990341,€ 0.00
69,MENS GLOVES,799,,BROWN M,£11.95,€ 13.57,0,5061042990358,€ 0.00
69,MENS GLOVES,799,,BROWN L,£11.95,€ 13.57,0,5061042990365,€ 0.00
69,MENS GLOVES,799,,BROWN XL,£11.95,€ 13.57,0,5061042990372,€ 0.00
69,MENS GLOVES,799,,KHAKI S,£11.95,€ 13.57,0,5061042990389,€ 0.00
69,MENS GLOVES,799,,KHAKI M,£11.95,€ 13.57,0,5061042990396,€ 0.00
69,MENS GLOVES,799,,KHAKI L,£11.95,€ 13.57,0,5061042990402,€ 0.00
69,MENS GLOVES,799,,KHAKI XL,£11.95,€ 13.57,0,5061042990419,€ 0.00
69,MENS GLOVES,501,Rib Cuff,BLACK S,£11.95,€ 14.34,0,5061042990426,€ 0.00
69,MENS GLOVES,501,Rib Cuff,BLACK M,£11.95,€ 14.34,0,5061042990433,€ 0.00
69,MENS GLOVES,501,Rib Cuff,BLACK L,£11.95,€ 14.34,0,5061042990440,€ 0.00
69,MENS GLOVES,501,Rib Cuff,BLACK XL,£11.95,€ 14.34,0,5061042990457,€ 0.00
69,MENS GLOVES,501,Rib Cuff,BROWN S,£11.95,€ 14.34,0,5061042990464,€ 0.00
69,MENS GLOVES,501,Rib Cuff,BROWN M,£11.95,€ 14.34,0,5061042990471,€ 0.00
69,MENS GLOVES,501,Rib Cuff,BROWN L,£11.95,€ 14.34,0,5061042990488,€ 0.00
69,MENS GLOVES,501,Rib Cuff,BROWN XL,£11.95,€ 14.34,0,5061042990495,€ 0.00
70,VINTAGE,VIN-37,,GREEN,£89.00,€ 106.80,0,5061042990501,€ 0.00
70,VINTAGE,VIN-37,,TAN,£89.00,€ 106.80,0,5061042990518,€ 0.00
70,VINTAGE,VIN-39,,GREEN,£99.00,€ 118.80,0,5061042990532,€ 0.00
70,VINTAGE,VIN-39,,TAN,£99.00,€ 118.80,0,5061042990525,€ 0.00
71,VINTAGE,VIN-8,,RED,£39.95,€ 47.94,0,5061027913198,€ 0.00
71,VINTAGE,VIN-8,,BROWN,£39.95,€ 47.94,0,5061027913181,€ 0.00
71,VINTAGE,VIN-8,,GREEN,£39.95,€ 47.94,0,5061027913204,€ 0.00
71,VINTAGE,VIN-8,,TAN,£39.95,€ 47.94,0,5061027913211,€ 0.00
71,VINTAGE,VIN-8,,BLUE,£39.95,€ 47.94,0,5061027913228,€ 0.00
71,VINTAGE,VIN-11,,RED,£48.00,€ 57.60,0,5061027913242,€ 0.00
71,VINTAGE,VIN-11,,BROWN,£48.00,€ 57.60,0,5061027913235,€ 0.00
71,VINTAGE,VIN-11,,GREEN,£48.00,€ 57.60,0,5061027913259,€ 0.00
71,VINTAGE,VIN-11,,TAN,£48.00,€ 57.60,0,5061027913266,€ 0.00
71,VINTAGE,VIN-11,,BLUE,£48.00,€ 57.60,0,5061027913273,€ 0.00
71,VINTAGE,VIN-18,,RED,£99.00,€ 118.80,0,5061027913297,€ 0.00
71,VINTAGE,VIN-18,,BROWN,£99.00,€ 118.80,0,5061027913129,€ 0.00
71,VINTAGE,VIN-18,,GREEN,£99.00,€ 118.80,0,5061027913280,€ 0.00
71,VINTAGE,VIN-18,,TAN,£99.00,€ 118.80,0,5061027913136,€ 0.00
71,VINTAGE,VIN-18,,BLUE,£99.00,€ 118.80,0,5061027913303,€ 0.00
71,VINTAGE,VIN-22,,RED,£120.00,€ 144.00,0,5061027913327,€ 0.00
71,VINTAGE,VIN-22,,BROWN,£120.00,€ 144.00,0,5061027913143,€ 0.00
71,VINTAGE,VIN-22,,GREEN,£120.00,€ 144.00,0,5061027913310,€ 0.00
71,VINTAGE,VIN-22,,TAN ,£120.00,€ 144.00,0,5061027913150,€ 0.00
71,VINTAGE,VIN-22,,BLUE,£120.00,€ 144.00,0,5061027913334,€ 0.00
71,VINTAGE,VIN-26,,RED,£135.00,€ 162.00,0,5061027913358,€ 0.00
71,VINTAGE,VIN-26,,BROWN,£135.00,€ 162.00,0,5061027913167,€ 0.00
71,VINTAGE,VIN-26,,GREEN,£135.00,€ 162.00,0,5061027913341,€ 0.00
71,VINTAGE,VIN-26,,TAN,£135.00,€ 162.00,0,5061027913174,€ 0.00
71,VINTAGE,VIN-26,,BLUE,£135.00,€ 162.00,0,5061027913365,€ 0.00
72,APRON,APRON,,BLACK,£36.00,€ 43.20,0,5060474526951,€ 0.00
72,APRON,APRON,,TAN,£36.00,€ 43.20,0,5060474526968,€ 0.00
73,APRON,APRON 1,,MUD BROWN,£26.00,€ 31.20,0,5060821287733,€ 0.00
73,APRON,APRON 2,,MUD BROWN,£28.00,€ 33.60,0,5060821287740,€ 0.00
73,APRON,APRON 3,,MUD BROWN,£30.00,€ 36.00,0,5060821287757,€ 0.00
73,APRON,APRON 4,,MUD BROWN,£32.00,€ 38.40,0,5060821287764,€ 0.00
74,MENS JACKETS,AMJ-3,,BLACK S,£85.00,€ 98.70,0,5061042992024,€ 0.00
74,MENS JACKETS,AMJ-3,,BLACK M,£85.00,€ 98.70,0,5061042992031,€ 0.00
74,MENS JACKETS,AMJ-3,,BLACK L,£85.00,€ 98.70,0,5061042992048,€ 0.00
74,MENS JACKETS,AMJ-3,,BLACK XL,£85.00,€ 98.70,0,5061042992055,€ 0.00
74,MENS JACKETS,AMJ-3,,BLACK 2 XL,£85.00,€ 98.70,0,5061042992062,€ 0.00
74,MENS JACKETS,AMJ-3,,BLACK 3 XL,£85.00,€ 98.70,0,5061042992079,€ 0.00
74,MENS JACKETS,AMJ-3,,COGNAC S,£85.00,€ 98.70,0,5061042992086,€ 0.00
74,MENS JACKETS,AMJ-3,,COGNAC M,£85.00,€ 98.70,0,5061042992093,€ 0.00
74,MENS JACKETS,AMJ-3,,COGNAC L,£85.00,€ 98.70,0,5061042992109,€ 0.00
74,MENS JACKETS,AMJ-3,,COGNAC XL,£85.00,€ 98.70,0,5061042992116,€ 0.00
74,MENS JACKETS,AMJ-3,,COGNAC 2 XL,£85.00,€ 98.70,0,5061042992123,€ 0.00
74,MENS JACKETS,AMJ-3,,COGNAC 3 XL,£85.00,€ 98.70,0,5061042992130,€ 0.00
74,MENS JACKETS,AMJ-3,,DARK BROWN S,£85.00,€ 98.70,0,5061042992147,€ 0.00
74,MENS JACKETS,AMJ-3,,DARK BROWN M,£85.00,€ 98.70,0,5061042992154,€ 0.00
74,MENS JACKETS,AMJ-3,,DARK BROWN L,£85.00,€ 98.70,0,5061042992161,€ 0.00
74,MENS JACKETS,AMJ-3,,DARK BROWN XL,£85.00,€ 98.70,0,5061042992178,€ 0.00
74,MENS JACKETS,AMJ-3,,DARK BROWN 2 XL,£85.00,€ 98.70,0,5061042992185,€ 0.00
74,MENS JACKETS,AMJ-3,,DARK BROWN 3 XL,£85.00,€ 98.70,0,5061042992192,€ 0.00
75,MENS JACKETS,AMJ-4,,BLACK S,£89.00,€ 103.33,0,5061042992208,€ 0.00
75,MENS JACKETS,AMJ-4,,BLACK M,£89.00,€ 103.33,0,5061042992215,€ 0.00
75,MENS JACKETS,AMJ-4,,BLACK L,£89.00,€ 103.33,0,5061042992222,€ 0.00
75,MENS JACKETS,AMJ-4,,BLACK XL,£89.00,€ 103.33,0,5061042992239,€ 0.00
75,MENS JACKETS,AMJ-4,,BLACK 2 XL,£89.00,€ 103.33,0,5061042992246,€ 0.00
75,MENS JACKETS,AMJ-4,,BLACK 3 XL,£89.00,€ 103.33,0,5061042992253,€ 0.00
75,MENS JACKETS,AMJ-4,,COGNAC S,£89.00,€ 103.33,0,5061042992260,€ 0.00
75,MENS JACKETS,AMJ-4,,COGNAC M,£89.00,€ 103.33,0,5061042992277,€ 0.00
75,MENS JACKETS,AMJ-4,,COGNAC L,£89.00,€ 103.33,0,5061042992284,€ 0.00
75,MENS JACKETS,AMJ-4,,COGNAC XL,£89.00,€ 103.33,0,5061042992291,€ 0.00
75,MENS JACKETS,AMJ-4,,COGNAC 2 XL,£89.00,€ 103.33,0,5061042992307,€ 0.00
75,MENS JACKETS,AMJ-4,,COGNAC 3 XL,£89.00,€ 103.33,0,5061042992314,€ 0.00
75,MENS JACKETS,AMJ-4,,DARK BROWN S,£89.00,€ 103.33,0,5061042992321,€ 0.00
75,MENS JACKETS,AMJ-4,,DARK BROWN M ,£89.00,€ 103.33,0,5061042992338,€ 0.00
75,MENS JACKETS,AMJ-4,,DARK BROWN L,£89.00,€ 103.33,0,5061042992345,€ 0.00
75,MENS JACKETS,AMJ-4,,DARK BROWN XL,£89.00,€ 103.33,0,5061042992352,€ 0.00
75,MENS JACKETS,AMJ-4,,DARK BROWN 2 XL,£89.00,€ 103.33,0,5061042992369,€ 0.00
75,MENS JACKETS,AMJ-4,,DARK BROWN 3 XL,£89.00,€ 103.33,0,5061042992376,€ 0.00
75,MENS JACKETS,AMJ-5,,BLACK S,£99.00,€ 115.00,0,5061042992383,€ 0.00
75,MENS JACKETS,AMJ-5,,BLACK M,£99.00,€ 115.00,0,5061042992390,€ 0.00
75,MENS JACKETS,AMJ-5,,BLACK L,£99.00,€ 115.00,0,5061042992406,€ 0.00
75,MENS JACKETS,AMJ-5,,BLACK XL,£99.00,€ 115.00,0,5061042992413,€ 0.00
75,MENS JACKETS,AMJ-5,,BLACK 2 XL,£99.00,€ 115.00,0,5061042992420,€ 0.00
75,MENS JACKETS,AMJ-5,,BLACK 3 XL,£99.00,€ 115.00,0,5061042992437,€ 0.00
75,MENS JACKETS,AMJ-5,,COGNAC S,£99.00,€ 115.00,0,5061042992444,€ 0.00
75,MENS JACKETS,AMJ-5,,COGNAC M,£99.00,€ 115.00,0,5061042992451,€ 0.00
75,MENS JACKETS,AMJ-5,,COGNAC L,£99.00,€ 115.00,0,5061042992468,€ 0.00
75,MENS JACKETS,AMJ-5,,COGNAC XL,£99.00,€ 115.00,0,5061042992475,€ 0.00
75,MENS JACKETS,AMJ-5,,COGNAC 2 XL,£99.00,€ 115.00,0,5061042992482,€ 0.00
75,MENS JACKETS,AMJ-5,,COGNAC 3 XL,£99.00,€ 115.00,0,5061042992499,€ 0.00
75,MENS JACKETS,AMJ-5,,DARK BROWN S,£99.00,€ 115.00,0,5061042992505,€ 0.00
75,MENS JACKETS,AMJ-5,,DARK BROWN M ,£99.00,€ 115.00,0,5061042992512,€ 0.00
75,MENS JACKETS,AMJ-5,,DARK BROWN L,£99.00,€ 115.00,0,5061042992529,€ 0.00
75,MENS JACKETS,AMJ-5,,DARK BROWN XL,£99.00,€ 115.00,0,5061042992536,€ 0.00
75,MENS JACKETS,AMJ-5,,DARK BROWN 2 XL,£99.00,€ 115.00,0,5061042992543,€ 0.00
75,MENS JACKETS,AMJ-5,,DARK BROWN 3 XL,£99.00,€ 115.00,0,5061042992550,€ 0.00
76,MENS JACKETS,AMJ-6,,BLACK S,£88.00,€ 102.20,0,5061042992567,€ 0.00
76,MENS JACKETS,AMJ-6,,BLACK M,£88.00,€ 102.20,0,5061042992574,€ 0.00
76,MENS JACKETS,AMJ-6,,BLACK L,£88.00,€ 102.20,0,5061042992581,€ 0.00
76,MENS JACKETS,AMJ-6,,BLACK XL,£88.00,€ 102.20,0,5061042992598,€ 0.00
76,MENS JACKETS,AMJ-6,,BLACK 2 XL,£88.00,€ 102.20,0,5061042992604,€ 0.00
76,MENS JACKETS,AMJ-6,,BLACK 3 XL,£88.00,€ 102.20,0,5061042992611,€ 0.00
76,MENS JACKETS,AMJ-6,,COGNAC S,£88.00,€ 102.20,0,5061042992628,€ 0.00
76,MENS JACKETS,AMJ-6,,COGNAC M,£88.00,€ 102.20,0,5061042992635,€ 0.00
76,MENS JACKETS,AMJ-6,,COGNAC L,£88.00,€ 102.20,0,5061042992642,€ 0.00
76,MENS JACKETS,AMJ-6,,COGNAC XL,£88.00,€ 102.20,0,5061042992659,€ 0.00
76,MENS JACKETS,AMJ-6,,COGNAC 2 XL,£88.00,€ 102.20,0,5061042992666,€ 0.00
76,MENS JACKETS,AMJ-6,,COGNAC 3 XL,£88.00,€ 102.20,0,5061042992673,€ 0.00
76,MENS JACKETS,AMJ-6,,DARK BROWN S,£88.00,€ 102.20,0,5061042992734,€ 0.00
76,MENS JACKETS,AMJ-6,,DARK BROWN M ,£88.00,€ 102.20,0,5061042992741,€ 0.00
76,MENS JACKETS,AMJ-6,,DARK BROWN L,£88.00,€ 102.20,0,5061042992758,€ 0.00
76,MENS JACKETS,AMJ-6,,DARK BROWN XL,£88.00,€ 102.20,0,5061042992765,€ 0.00
76,MENS JACKETS,AMJ-6,,DARK BROWN 2 XL,£88.00,€ 102.20,0,5061042992772,€ 0.00
76,MENS JACKETS,AMJ-6,,DARK BROWN 3 XL,£88.00,€ 102.20,0,5061042992789,€ 0.00
76,MENS JACKETS,AMJ-8,,BLACK S,£78.00,€ 90.50,0,5061042992796,€ 0.00
76,MENS JACKETS,AMJ-8,,BLACK M,£78.00,€ 90.50,0,5061042992802,€ 0.00
76,MENS JACKETS,AMJ-8,,BLACK L,£78.00,€ 90.50,0,5061042992819,€ 0.00
76,MENS JACKETS,AMJ-8,,BLACK XL,£78.00,€ 90.50,0,5061042992826,€ 0.00
76,MENS JACKETS,AMJ-8,,BLACK 2 XL,£78.00,€ 90.50,0,5061042992833,€ 0.00
76,MENS JACKETS,AMJ-8,,BLACK 3 XL,£78.00,€ 90.50,0,5061042992840,€ 0.00
76,MENS JACKETS,AMJ-8,,COGNAC S,£78.00,€ 90.50,0,5061042992857,€ 0.00
76,MENS JACKETS,AMJ-8,,COGNAC M,£78.00,€ 90.50,0,5061042992864,€ 0.00
76,MENS JACKETS,AMJ-8,,COGNAC L,£78.00,€ 90.50,0,5061042992871,€ 0.00
76,MENS JACKETS,AMJ-8,,COGNAC XL,£78.00,€ 90.50,0,5061042992888,€ 0.00
76,MENS JACKETS,AMJ-8,,COGNAC 2 XL,£78.00,€ 90.50,0,5061042992895,€ 0.00
76,MENS JACKETS,AMJ-8,,COGNAC 3 XL,£78.00,€ 90.50,0,5061042992901,€ 0.00
76,MENS JACKETS,AMJ-8,,DARK BROWN S,£78.00,€ 90.50,0,5061042992734,€ 0.00
76,MENS JACKETS,AMJ-8,,DARK BROWN M ,£78.00,€ 90.50,0,5061042992741,€ 0.00
76,MENS JACKETS,AMJ-8,,DARK BROWN L,£78.00,€ 90.50,0,5061042992758,€ 0.00
76,MENS JACKETS,AMJ-8,,DARK BROWN XL,£78.00,€ 90.50,0,5061042992765,€ 0.00
76,MENS JACKETS,AMJ-8,,DARK BROWN 2 XL,£78.00,€ 90.50,0,5061042992772,€ 0.00
76,MENS JACKETS,AMJ-8,,DARK BROWN 3 XL,£78.00,€ 90.50,0,5061042992789,€ 0.00
77,MENS JACKETS,AMJ-9,,BLACK S,£78.00,€ 90.50,0,5061042992970,€ 0.00
77,MENS JACKETS,AMJ-9,,BLACK M,£78.00,€ 90.50,0,5061042992987,€ 0.00
77,MENS JACKETS,AMJ-9,,BLACK L,£78.00,€ 90.50,0,5061042992994,€ 0.00
77,MENS JACKETS,AMJ-9,,BLACK XL,£78.00,€ 90.50,0,5061042993007,€ 0.00
77,MENS JACKETS,AMJ-9,,BLACK 2 XL,£78.00,€ 90.50,0,5061042993014,€ 0.00
77,MENS JACKETS,AMJ-9,,BLACK 3 XL,£78.00,€ 90.50,0,5061042993021,€ 0.00
77,MENS JACKETS,AMJ-9,,COGNAC S,£78.00,€ 90.50,0,5061042993038,€ 0.00
77,MENS JACKETS,AMJ-9,,COGNAC M,£78.00,€ 90.50,0,5061042993045,€ 0.00
77,MENS JACKETS,AMJ-9,,COGNAC L,£78.00,€ 90.50,0,5061042993052,€ 0.00
77,MENS JACKETS,AMJ-9,,COGNAC XL,£78.00,€ 90.50,0,5061042993069,€ 0.00
77,MENS JACKETS,AMJ-9,,COGNAC 2 XL,£78.00,€ 90.50,0,5061042993076,€ 0.00
77,MENS JACKETS,AMJ-9,,COGNAC 3 XL,£78.00,€ 90.50,0,5061042993083,€ 0.00
77,MENS JACKETS,AMJ-9,,DARK BROWN S,£78.00,€ 90.50,0,5061042993090,€ 0.00
77,MENS JACKETS,AMJ-9,,DARK BROWN M ,£78.00,€ 90.50,0,5061042993106,€ 0.00
77,MENS JACKETS,AMJ-9,,DARK BROWN L,£78.00,€ 90.50,0,5061042993113,€ 0.00
77,MENS JACKETS,AMJ-9,,DARK BROWN XL,£78.00,€ 90.50,0,5061042993120,€ 0.00
77,MENS JACKETS,AMJ-9,,DARK BROWN 2 XL,£78.00,€ 90.50,0,5061042993137,€ 0.00
77,MENS JACKETS,AMJ-9,,DARK BROWN 3 XL,£78.00,€ 90.50,0,5061042993144,€ 0.00
78,MENS JACKETS,1895,,BLACK S,£78.00,€ 93.60,0,5061042990549,€ 0.00
78,MENS JACKETS,1895,,BLACK M,£78.00,€ 93.60,0,5061042990556,€ 0.00
78,MENS JACKETS,1895,,BLACK L,£78.00,€ 93.60,0,5061042990563,€ 0.00
78,MENS JACKETS,1895,,BLACK XL,£78.00,€ 93.60,0,5061042990570,€ 0.00
78,MENS JACKETS,1895,,BLACK 2 XL,£78.00,€ 93.60,0,5061042990587,€ 0.00
78,MENS JACKETS,1895,,BLACK 3 XL,£78.00,€ 93.60,0,5061042990594,€ 0.00
78,MENS JACKETS,1895,,TIMBER S,£78.00,€ 93.60,0,5061042990600,€ 0.00
78,MENS JACKETS,1895,,TIMBER M,£78.00,€ 93.60,0,5061042990617,€ 0.00
78,MENS JACKETS,1895,,TIMBER L,£78.00,€ 93.60,0,5061042990624,€ 0.00
78,MENS JACKETS,1895,,TIMBER XL,£78.00,€ 93.60,0,5061042990631,€ 0.00
78,MENS JACKETS,1895,,TIMBER 2 XL,£78.00,€ 93.60,0,5061042990648,€ 0.00
78,MENS JACKETS,1895,,TIMBER 3 XL,£78.00,€ 93.60,0,5061042990655,€ 0.00
78,MENS JACKETS,1895,,TAN S,£78.00,€ 93.60,0,5061042990662,€ 0.00
78,MENS JACKETS,1895,,TAN M,£78.00,€ 93.60,0,5061042990679,€ 0.00
78,MENS JACKETS,1895,,TAN L,£78.00,€ 93.60,0,5061042990686,€ 0.00
78,MENS JACKETS,1895,,TAN XL,£78.00,€ 93.60,0,5061042990693,€ 0.00
78,MENS JACKETS,1895,,TAN 2 XL ,£78.00,€ 93.60,0,5061042990709,€ 0.00
78,MENS JACKETS,1895,,TAN 3 XL,£78.00,€ 93.60,0,5061042990716,€ 0.00
78,MENS JACKETS,2101,,BLACK S,£78.00,€ 93.60,0,5061042990723,€ 0.00
78,MENS JACKETS,2101,,BLACK M,£78.00,€ 93.60,0,5061042990730,€ 0.00
78,MENS JACKETS,2101,,BLACK L,£78.00,€ 93.60,0,5061042990747,€ 0.00
78,MENS JACKETS,2101,,BLACK XL,£78.00,€ 93.60,0,5061042990754,€ 0.00
78,MENS JACKETS,2101,,BLACK 2 XL,£78.00,€ 93.60,0,5061042990761,€ 0.00
78,MENS JACKETS,2101,,BLACK 3 XL,£78.00,€ 93.60,0,5061042990778,€ 0.00
78,MENS JACKETS,2101,,TIMBER S,£78.00,€ 93.60,0,5061042990785,€ 0.00
78,MENS JACKETS,2101,,TIMBER M,£78.00,€ 93.60,0,5061042990792,€ 0.00
78,MENS JACKETS,2101,,TIMBER L,£78.00,€ 93.60,0,5061042990808,€ 0.00
78,MENS JACKETS,2101,,TIMBER XL,£78.00,€ 93.60,0,5061042990815,€ 0.00
78,MENS JACKETS,2101,,TIMBER 2 XL,£78.00,€ 93.60,0,5061042990822,€ 0.00
78,MENS JACKETS,2101,,TIMBER 3 XL,£78.00,€ 93.60,0,5061042990839,€ 0.00
78,MENS JACKETS,2101,,TAN S ,£78.00,€ 93.60,0,5061042990846,€ 0.00
78,MENS JACKETS,2101,,TAN M,£78.00,€ 93.60,0,5061042990853,€ 0.00
78,MENS JACKETS,2101,,TAN L,£78.00,€ 93.60,0,5061042990860,€ 0.00
78,MENS JACKETS,2101,,TAN XL,£78.00,€ 93.60,0,5061042990877,€ 0.00
78,MENS JACKETS,2101,,TAN 2 XL ,£78.00,€ 93.60,0,5061042990884,€ 0.00
78,MENS JACKETS,2101,,TAN 3 XL,£78.00,€ 93.60,0,5061042990891,€ 0.00
79,MENS JACKETS,2199,,BLACK S,£89.00,€ 106.80,0,5061042990907,€ 0.00
79,MENS JACKETS,2199,,BLACK M,£89.00,€ 106.80,0,5061042990914,€ 0.00
79,MENS JACKETS,2199,,BLACK L,£89.00,€ 106.80,0,5061042990921,€ 0.00
79,MENS JACKETS,2199,,BLACK XL,£89.00,€ 106.80,0,5061042990938,€ 0.00
79,MENS JACKETS,2199,,BLACK 2 XL,£89.00,€ 106.80,0,5061042990945,€ 0.00
79,MENS JACKETS,2199,,BLACK 3 XL,£89.00,€ 106.80,0,5061042990952,€ 0.00
79,MENS JACKETS,2199,,TIMBER S,£89.00,€ 106.80,0,5061042990969,€ 0.00
79,MENS JACKETS,2199,,TIMBER M,£89.00,€ 106.80,0,5061042990976,€ 0.00
79,MENS JACKETS,2199,,TIMBER L,£89.00,€ 106.80,0,5061042990983,€ 0.00
79,MENS JACKETS,2199,,TIMBER XL,£89.00,€ 106.80,0,5061042990990,€ 0.00
79,MENS JACKETS,2199,,TIMBER 2 XL,£89.00,€ 106.80,0,5061042991003,€ 0.00
79,MENS JACKETS,2199,,TIMBER 3 XL,£89.00,€ 106.80,0,5061042991010,€ 0.00
79,MENS JACKETS,2199,,TAN S,£89.00,€ 106.80,0,5061042991027,€ 0.00
79,MENS JACKETS,2199,,TAN M,£89.00,€ 106.80,0,5061042991034,€ 0.00
79,MENS JACKETS,2199,,TAN L,£89.00,€ 106.80,0,5061042991041,€ 0.00
79,MENS JACKETS,2199,,TAN XL,£89.00,€ 106.80,0,5061042991058,€ 0.00
79,MENS JACKETS,2199,,TAN 2 XL,£89.00,€ 106.80,0,5061042991065,€ 0.00
79,MENS JACKETS,2199,,TAN 3 XL,£89.00,€ 106.80,0,5061042991072,€ 0.00
79,MENS JACKETS,2238,,BLACK S,£78.00,€ 93.60,0,5061042991089,€ 0.00
79,MENS JACKETS,2238,,BLACK M,£78.00,€ 93.60,0,5061042991096,€ 0.00
79,MENS JACKETS,2238,,BLACK L,£78.00,€ 93.60,0,5061042991102,€ 0.00
79,MENS JACKETS,2238,,BLACK XL,£78.00,€ 93.60,0,5061042991119,€ 0.00
79,MENS JACKETS,2238,,BLACK 2 XL,£78.00,€ 93.60,0,5061042991126,€ 0.00
79,MENS JACKETS,2238,,BLACK 3 XL,£78.00,€ 93.60,0,5061042991133,€ 0.00
79,MENS JACKETS,2238,,TIMBER S,£78.00,€ 93.60,0,5061042991140,€ 0.00
79,MENS JACKETS,2238,,TIMBER M,£78.00,€ 93.60,0,5061042991157,€ 0.00
79,MENS JACKETS,2238,,TIMBER L,£78.00,€ 93.60,0,5061042991164,€ 0.00
79,MENS JACKETS,2238,,TIMBER XL,£78.00,€ 93.60,0,5061042991171,€ 0.00
79,MENS JACKETS,2238,,TIMBER 2 XL,£78.00,€ 93.60,0,5061042991188,€ 0.00
79,MENS JACKETS,2238,,TIMBER 3 XL,£78.00,€ 93.60,0,5061042991195,€ 0.00
79,MENS JACKETS,2238,,TAN S,£78.00,€ 93.60,0,5061042991201,€ 0.00
79,MENS JACKETS,2238,,TAN M,£78.00,€ 93.60,0,5061042991218,€ 0.00
79,MENS JACKETS,2238,,TAN L,£78.00,€ 93.60,0,5061042991225,€ 0.00
79,MENS JACKETS,2238,,TAN XL,£78.00,€ 93.60,0,5061042991232,€ 0.00
79,MENS JACKETS,2238,,TAN 2 XL,£78.00,€ 93.60,0,5061042991249,€ 0.00
79,MENS JACKETS,2238,,TAN 3 XL,£78.00,€ 93.60,0,5061042991256,€ 0.00
80,MENS SHEEPSKINS,KE-007 ,,TOBACCO S,£235.00,€ 282.00,0,5061042991263,€ 0.00
80,MENS SHEEPSKINS,KE-007 ,,TOBACCO M,£235.00,€ 282.00,0,5061042991270,€ 0.00
80,MENS SHEEPSKINS,KE-007 ,,TOBACCO L,£235.00,€ 282.00,0,5061042991287,€ 0.00
80,MENS SHEEPSKINS,KE-007 ,,TOBACCO XL,£235.00,€ 282.00,0,5061042991294,€ 0.00
80,MENS SHEEPSKINS,KE-007 ,,TOBACCO 2 XL,£235.00,€ 282.00,0,5061042991300,€ 0.00
80,MENS SHEEPSKINS,KE-007 ,,TOBACCO 3 XL,£235.00,€ 282.00,0,5061042991317,€ 0.00
80,MENS SHEEPSKINS,KE-007 ,,TAN S,£235.00,€ 282.00,0,5061042991324,€ 0.00
80,MENS SHEEPSKINS,KE-007 ,,TAN M,£235.00,€ 282.00,0,5061042991331,€ 0.00
80,MENS SHEEPSKINS,KE-007 ,,TAN L,£235.00,€ 282.00,0,5061042991348,€ 0.00
80,MENS SHEEPSKINS,KE-007 ,,TAN XL,£235.00,€ 282.00,0,5061042991355,€ 0.00
80,MENS SHEEPSKINS,KE-007 ,,TAN 2 XL,£235.00,€ 282.00,0,5061042991362,€ 0.00
80,MENS SHEEPSKINS,KE-007 ,,TAN 3 XL,£235.00,€ 282.00,0,5061042991379,€ 0.00
80,MENS SHEEPSKINS,KE-176 ,,TOBACCO S,£165.00,€ 198.00,0,5061042991386,€ 0.00
80,MENS SHEEPSKINS,KE-176 ,,TOBACCO M,£165.00,€ 198.00,0,5061042991393,€ 0.00
80,MENS SHEEPSKINS,KE-176 ,,TOBACCO L,£165.00,€ 198.00,0,5061042991409,€ 0.00
80,MENS SHEEPSKINS,KE-176 ,,TOBACCO XL,£165.00,€ 198.00,0,5061042991416,€ 0.00
80,MENS SHEEPSKINS,KE-176 ,,TOBACCO 2 XL,£165.00,€ 198.00,0,5061042991423,€ 0.00
80,MENS SHEEPSKINS,KE-176 ,,TOBACCO 3 XL,£165.00,€ 198.00,0,5061042991430,€ 0.00
80,MENS SHEEPSKINS,KE-176 ,,TAN S,£165.00,€ 198.00,0,5061042991447,€ 0.00
80,MENS SHEEPSKINS,KE-176 ,,TAN M,£165.00,€ 198.00,0,5061042991454,€ 0.00
80,MENS SHEEPSKINS,KE-176 ,,TAN L,£165.00,€ 198.00,0,5061042991461,€ 0.00
80,MENS SHEEPSKINS,KE-176 ,,TAN XL,£165.00,€ 198.00,0,5061042991478,€ 0.00
80,MENS SHEEPSKINS,KE-176 ,,TAN 2 XL,£165.00,€ 198.00,0,5061042991485,€ 0.00
80,MENS SHEEPSKINS,KE-176 ,,TAN 3 XL,£165.00,€ 198.00,0,5061042991492,€ 0.00
81,MENS SHEEPSKINS,KE-98 ,,TOBACCO S,£325.00,€ 390.00,0,5061042991508,€ 0.00
81,MENS SHEEPSKINS,KE-98 ,,TOBACCO M,£325.00,€ 390.00,0,5061042991515,€ 0.00
81,MENS SHEEPSKINS,KE-98 ,,TOBACCO L,£325.00,€ 390.00,0,5061042991522,€ 0.00
81,MENS SHEEPSKINS,KE-98 ,,TOBACCO XL,£325.00,€ 390.00,0,5061042991539,€ 0.00
81,MENS SHEEPSKINS,KE-98 ,,TOBACCO 2 XL,£325.00,€ 390.00,0,5061042991546,€ 0.00
81,MENS SHEEPSKINS,KE-98 ,,TOBACCO 3 XL,£325.00,€ 390.00,0,5061042991553,€ 0.00
81,MENS SHEEPSKINS,KE-98 ,,TAN S,£325.00,€ 390.00,0,5061042991560,€ 0.00
81,MENS SHEEPSKINS,KE-98 ,,TAN M,£325.00,€ 390.00,0,5061042991577,€ 0.00
81,MENS SHEEPSKINS,KE-98 ,,TAN L,£325.00,€ 390.00,0,5061042991584,€ 0.00
81,MENS SHEEPSKINS,KE-98 ,,TAN XL,£325.00,€ 390.00,0,5061042991591,€ 0.00
81,MENS SHEEPSKINS,KE-98 ,,TAN 2 XL,£325.00,€ 390.00,0,5061042991607,€ 0.00
81,MENS SHEEPSKINS,KE-98 ,,TAN 3 XL,£325.00,€ 390.00,0,5061042991614,€ 0.00
82,MENS SHEEPSKINS,KE-117 ,,GINGER S,£285.00,€ 342.00,0,5061042991720,€ 0.00
82,MENS SHEEPSKINS,KE-117 ,,GINGER M,£285.00,€ 342.00,0,5061042991737,€ 0.00
82,MENS SHEEPSKINS,KE-117 ,,GINGER L,£285.00,€ 342.00,0,5061042991744,€ 0.00
82,MENS SHEEPSKINS,KE-117 ,,GINGER XL,£285.00,€ 342.00,0,5061042991751,€ 0.00
82,MENS SHEEPSKINS,KE-117 ,,GINGER 2 XL,£285.00,€ 342.00,0,5061042991768,€ 0.00
82,MENS SHEEPSKINS,KE-117 ,,GINGER 3 XL,£285.00,€ 342.00,0,5061042991775,€ 0.00
82,MENS SHEEPSKINS,KE-184 ,,BROWN/CREAM S,£285.00,€ 342.00,0,5061042991782,€ 0.00
82,MENS SHEEPSKINS,KE-184 ,,BROWN/CREAM M,£285.00,€ 342.00,0,5061042991799,€ 0.00
82,MENS SHEEPSKINS,KE-184 ,,BROWN/CREAM L,£285.00,€ 342.00,0,5061042991805,€ 0.00
82,MENS SHEEPSKINS,KE-184 ,,BROWN/CREAM XL,£285.00,€ 342.00,0,5061042991812,€ 0.00
82,MENS SHEEPSKINS,KE-184 ,,BROWN/CREAM 2 XL,£285.00,€ 342.00,0,5061042991829,€ 0.00
82,MENS SHEEPSKINS,KE-184 ,,BROWN/CREAM 3 XL,£285.00,€ 342.00,0,5061042991836,€ 0.00
82,MENS SHEEPSKINS,KE-72 ,,TAN S,£285.00,€ 342.00,0,5061042991843,€ 0.00
82,MENS SHEEPSKINS,KE-72 ,,TAN M,£285.00,€ 342.00,0,5061042991850,€ 0.00
82,MENS SHEEPSKINS,KE-72 ,,TAN L,£285.00,€ 342.00,0,5061042991867,€ 0.00
82,MENS SHEEPSKINS,KE-72 ,,TAN XL,£285.00,€ 342.00,0,5061042991874,€ 0.00
82,MENS SHEEPSKINS,KE-72 ,,TAN 2 XL,£285.00,€ 342.00,0,5061042991881,€ 0.00
82,MENS SHEEPSKINS,KE-72 ,,TAN 3 XL,£285.00,€ 342.00,0,5061042991898,€ 0.00
82,MENS SHEEPSKINS,KE-72 ,,PIERRE CARDIN S,£285.00,€ 342.00,0,5061042991904,€ 0.00
82,MENS SHEEPSKINS,KE-72 ,,PIERRE CARDIN M,£285.00,€ 342.00,0,5061042991911,€ 0.00
82,MENS SHEEPSKINS,KE-72 ,,PIERRE CARDIN L,£285.00,€ 342.00,0,5061042991928,€ 0.00
82,MENS SHEEPSKINS,KE-72 ,,PIERRE CARDIN XL,£285.00,€ 342.00,0,5061042991935,€ 0.00
82,MENS SHEEPSKINS,KE-72 ,,PIERRE CARDIN 2 XL,£285.00,€ 342.00,0,5061042991942,€ 0.00
82,MENS SHEEPSKINS,KE-72 ,,PIERRE CARDIN 3 XL,£285.00,€ 342.00,0,5061042991959,€ 0.00
82,MENS SHEEPSKINS,KE-72 ,,GREY S,£285.00,€ 342.00,0,5061042991966,€ 0.00
82,MENS SHEEPSKINS,KE-72 ,,GREY M,£285.00,€ 342.00,0,5061042991973,€ 0.00
82,MENS SHEEPSKINS,KE-72 ,,GREY L,£285.00,€ 342.00,0,5061042991980,€ 0.00
82,MENS SHEEPSKINS,KE-72 ,,GREY XL,£285.00,€ 342.00,0,5061042991997,€ 0.00
82,MENS SHEEPSKINS,KE-72 ,,GREY 2 XL,£285.00,€ 342.00,0,5061042992000,€ 0.00
82,MENS SHEEPSKINS,KE-72 ,,GREY 3 XL,£285.00,€ 342.00,0,5061042992017,€ 0.00
,,,,,,,,,
,,,,,,,,,
,,,,,,,,,
