title,model,quantity,stock
00029084,710,8,23
00048043,5995,20,7
12 Card RFID Protected Leather Purse Black: J-56,J-56,5,11
12 Card RFID Protected Leather Purse Wood Rose: J-56,J-56,5,14
14 Card RFID Protected Large Leather Purse Black: S1,s1,62,85
14 Card RFID Protected Large Leather Purse Two Tone Tan: S1,s1,71,31
14 Card RFID Protected XL Leather Purse Aurora Yellow: J-54,J-54,8,7
14 Card RFID Protected XL Leather Purse Black: J-54,J-54,13,15
14 Card RFID Protected XL Leather Purse Black: S-4,s4,8,218
14 Card RFID Protected XL Leather Purse Black: S2,s2,24,120
14 Card RFID Protected XL Leather Purse Mandarin: S2,s2,21,64
14 Card RFID Protected XL Leather Purse Navy: S2,s2,15,23
14 Card RFID Protected XL Leather Purse Poppy Red: S2,s2,39,26
14 Card RFID Protected XL Leather Purse Two Tone Tan: S-4,s4,5,65
14 Card RFID Protected XL Leather Purse Two Tone Tan: S2,s2,34,65
3 Pocket Luxury Small Leather Flight Bag- Jack - Tan,JACK,21,9
3 Pocket Medium Leather Messenger Bag - 4552 - Black,4552,11,10
3 Section Vintage Woven Leather Shoulder Bag Cognac :  D-71,D-71,5,7
6 Card RFID Protected Zip Around Leather Purse Navy: S-5,s5,7,56
6 Card RFID Protected Zip Around Leather Purse Two Tone Tan: S-5,s5,8,45
8 Card Zip Around RFID Protected Large Leather Purse Green: Z-70,z-70,11,6
8 Card Zip Around RFID Protected Large Leather Purse Wine: Z-70,z-70,8,8
A6 Leather Book Cover Copper Brown : A6-LBC,A6 BOOK COVER,10,6
Ashwood A4 LEATHER BOOK COVER Brandy,A4 LEATHER BOOK COVER,13,10
Ashwood A4 LEATHER BOOK COVER Tan,A4 LEATHER BOOK COVER,13,15
Ashwood Croc Print Leather Workbag Cognac: L-77,L-77,12,7
Ashwood Crocodile Print Cross Body Bag Bordeaux/croc: C-50,C-50,8,16
Ashwood Crocodile Print Leather Backpack Green: C-51,C-51,10,10
Ashwood Crocodile Print Leather Backpack Teal: C-51,C-51,10,12
Ashwood Crocodile Print Zip Around Leather Tote Bag Tan: C-53,C-53,5,12
Ashwood Curve  Zip Top Leather Cross Body Bag  Gray: 63028,CURVE,5,80
Ashwood Curve  Zip Top Leather Cross Body Bag Aubergine/Croc: CURVE,CURVE,62,23
Ashwood Curve  Zip Top Leather Cross Body Bag Black: 63028,CURVE,8,119
Ashwood Curve  Zip Top Leather Cross Body Bag Bone/Croc: CURVE,CURVE,56,10
Ashwood Curve  Zip Top Leather Cross Body Bag Burgundy/Croc: CURVE,CURVE,41,22
Ashwood Curve  Zip Top Leather Cross Body Bag Cognac/Croc: CURVE,CURVE,33,159
Ashwood Curve  Zip Top Leather Cross Body Bag Olive: 63028,CURVE,10,70
Ashwood Curve  Zip Top Leather Cross Body Bag Orange: 63028,CURVE,16,18
Ashwood Curve  Zip Top Leather Cross Body Bag Papaya Orange: 63028,CURVE,10,182
Ashwood Curve  Zip Top Leather Cross Body Bag Slate Grey: 63028,CURVE,12,24
Ashwood Curve  Zip Top Leather Cross Body Bag Tan: 63028,CURVE,31,66
Ashwood Lambswool Duster with Solid Wooden Handle Natural: Dusty,LAMBSWOOL DUSTER,5,6
Ashwood Large Leather Holdall Brandy : G-30,G-30,8,6
Ashwood Large Leather Holdall Travel Bag Black/croc: 10973,10973,22,6
Ashwood Large Leather Holdall – Black: T-77,t-77,5,13
Ashwood Large Leather Holdall – Cognac: FE-06,fe-06,11,12
Ashwood Large Leather Holdall – Honey: T-77,t-77,13,8
Ashwood Leather Coin Tray Chestnut: GS-1295,GS-1295,9,7
Ashwood Leather Crossbody Bag Bordeaux: CB-3 (63014),63014/cb3,5,22
Ashwood Leather Crossbody Bag Green: CB-3 (63014),63014/cb3,5,51
Ashwood Leather Crossbody Bag Navy: CB-3 (63014),63014/cb3,12,11
Ashwood Leather Crossbody Bag Tan: CB-3 (63014),63014/cb3,5,24
Ashwood Leather Crossbody Smart Phone Bag - Cognac: PH-2,ph-2,7,103
Ashwood Leather Crossbody Smart Phone Bag Tan: Z-71,z-71,11,7
Ashwood Leather Holdall – Chestnut Tan: T-76,t-76,6,6
Ashwood Leather Jacket Navy: Aliona,AWL-281,8,25
Ashwood Leather Medium Flight Bag Chestnut Tan: T-71,t-71,16,9
Ashwood Leather Quilted Backpack Black,QUILTED BACKPACK,11,12
Ashwood Leather Quilted Backpack Cream,QUILTED BACKPACK,5,15
Ashwood Leather Shoulder Bag Black: Z-72,z-72,5,10
Ashwood Luxury Leather Biker Jacket Veggie Tan: Andriy,2824,7,8
Ashwood Luxury Leather Desk Set Brown: GS-1298,GS-1298,5,10
Ashwood Men’s Dual Zip Leather Washbag – Chestnut Tan: T-78,t-78,16,8
Ashwood Sheepskin Cushion Grey,SHEEPSKIN CUSHION,8,9
Ashwood Sheepskin Cushion Ochre,SHEEPSKIN CUSHION,14,6
Ashwood Sheepskin Cushion Rosa,SHEEPSKIN CUSHION,5,8
Ashwood Sheepskin Seat Pad Ivory,SHEEPSKIN SEAT PAD,110,6
Ashwood Sheepskin Seat Pad Mink,SHEEPSKIN SEAT PAD,122,7
Ashwood Small Leather Backpack Green: Z-74,z-74,6,7
Ashwood Suede & Leather Small Crossbody Bag Tan: S-11,S-11,5,11
Ashwood Two Section Leather Tote Bag Tan: C-52,C-52,11,11
Ashwood Womens Croc 7 Card Large Leather Purse Black: C-05,C-05,30,7
Ashwood Womens Croc 7 Card Large Leather Purse Tan: C-05,C-05,9,6
Ashwood Womens Leather Hobo Bag Black/leopard: J-10,J-10,8,11
Ashwood Womens Leather Tote Bag Chestnut: V-30,V-30,5,6
Ashwood Womens Long Handle Leather Shopper Bag Denim: 62320,62320,27,7
Ashwood Womens Long Handle Leather Shopper Bag Mandarin: 62320,62320,25,35
Ashwood Womens Long Handle Leather Shopper Bag Tan: 62320,62320,16,37
Ashwood Womens Three Section Leather Shoulder Bag Chestnut: V-31,V-31,13,10
Ashwood Womens Three Section Leather Shoulder Bag Navy: V-31,V-31,8,15
Ashwood Zip Top Leather Cross Body Bag Black: 63594,63594,13,580
Ashwood Zip Top Leather Cross Body Bag Green: SB Buckle,SB CROSS BODY,15,75
Ashwood Zip Top Leather Cross Body Bag Royal Blue: SB Buckle,SB CROSS BODY,17,10
Ashwood Zip Top Leather Cross Body Bag Sulphur: SB Buckle,SB CROSS BODY,7,7
Ashwood Zip Top Patent Leather Handbag Black: A4 Buckle,A4 BUCKLE BAG,13,11
Biker Jacket Protection Inserts: 5 Pads Set,5 pads set,10,10
Brontes Timber- Leather Coat,2238,62,6
Button Detail Leather Gloves  Black : 109,109,20,6
Carbon Pro Leather Cleaning Product,CARBON PRO,13,30
Classic  Suede Sheepskin Slippers Brown,FEN-LADIES SLIPPERS,14,34
Classic  Suede Sheepskin Slippers Chestnut,FEN-LADIES SLIPPERS,31,61
Classic 3 Card & ID Billfold Tab Wallet Leather Wallet Black : 1222-VT,1222-VT,12,8
Classic 3 Card & ID Billfold Tab Wallet Leather Wallet Tan : 1222-VT,1222-VT,7,11
Classic Leather Baseball Cap Black : Kanye,BASEBALL CAPS,13,30
Classic Suede Sheepskin Slippers Chestnut,MENS SLIPPERS,22,12
Classic Suede Sheepskin Slippers Gray,FEN-LADIES SLIPPERS,22,13
Collonil  Waterproofing And UV Protection : Water Stop Spray 100ml,COLLONIL WATERSTOP 100ML,29,437
Collonil 1909 Surpreme Protect Spray 200ml,1909 surpreme protect spray,12,14
"Collonil 3 in 1 Leather Cream, Cloth and Delicate Cream Cleaning Kit   - Complete Leather Care Gift Set",HANDBAG COMPLETE CARE GIFTSET,8,14
Collonil Dirt Protector 400ml,dirt protector 400ml,7,18
Collonil Waterstop Classic 20ml NEUTRAL,WATER STOP 20ML,63,308
Croc Print Leather Bag Honey :1710,1710,10,13
Crocodile Print Cross Body Bag Bottle Green – 62753,62753,11,9
"Crumble 4 Card, ID & Coins Bill Fold Wallet Black/crum: 1417 C",1417 C,7,6
"Crumble 8 Card, ID & Coins Bill Fold Tab Wallet Black/crum : 1411 C",1411 C,13,12
"Crumble 8 Card, ID & Coins Bill Fold Tab Wallet Brown/crum: 1411 C",1411 C,8,13
"Crumble 8 Card, ID & Coins Bill Fold Tab Wallet Tan/crum : 1411 C",1411 C,13,11
Edinburgh Black Leather Jacket,1895,116,26
Edinburgh Timber Leather Jacket,1895,128,25
Extra Slim Sheepskin Leather Fingerless Glove Black/brissa:  Logan,MENS FINGERLESS GLOVE,6,18
Faux Fur Tipped Leather Gloves Black : 678,678,14,6
"Fenland Classic  8"" Suede Sheepskin Belt Boots : Tan",S/SKIN BOOT BELT,5,8
"Fenland Classic  9"" Vintage Sheepskin Biker Boots : Black",BIKER BOOT LADIES,11,6
Fenland Cow Oily Leather Wash Bag Brown/Brandy Buff: FEN-787,FEN-787,5,8
Fenland Cow Oily Leather Wash Bag Brown/Tan Buff: FEN-787,FEN-787,5,12
Fenland Curly Wool Hot Water bottle Beige,curly wool water bottle,5,10
Fenland Ladies  Suede Sheepskin Loafers Mink: FLSL,LADIES LOAFERS,12,9
Fenland Ladies  Suede Sheepskin Loafers Navy: FLSL,LADIES LOAFERS,18,8
Fenland Ladies Sheepskin Crossover Slippers Grey: FCS,LADIES CROSSOVER,5,32
Fenland Sheepskin Winter Earmuffs Beige: FEN-209,fen-209,7,47
Fenland Sheepskin Winter Earmuffs Black: FEN-207,FEN-207,7,47
Fenland Sheepskin Winter Earmuffs Brown: FEN-207,FEN-207,5,50
Fenland Sheepskin Winter Earmuffs Grey: FEN-207,FEN-207,12,27
Fenland Sheepskin Winter Earmuffs Pink: FEN-207,FEN-207,14,50
Fenland Sheepskin Winter Earmuffs Tan: FEN-207,FEN-207,8,42
Fenland Unisex Kids Sheepskin Booties Lt Tan: Cuties,CUTIE BOOTIE,7,17
HEWITTS SHOE CREAM Natural,HEWITTS SHOE CREAM,6,16
Kore Black Leather Jacket,JESSY-2,28,16
LEATHER GROOM 150ml,GROOM,20,177
Ladies Leather Biker Jacket Burgundy: G-Celia22,G-CELIA22,12,18
Ladies Leather Gloves Black : NC 8914,NC 8914,29,798
Ladies Luxury Sheepskin  Hat Black : Cahira,034,6,43
Ladies Luxury Sheepskin Hat Mid Brown: Cahira,034,7,14
Ladies Michigan Pocket Crossbody Bag Cognac : M-67,M-67,9,7
Ladies Michigan Pocket Crossbody Bag Cognac : M-68,M-68,9,9
Large  Leather Weekend Vintage Travel Bag Vintage Tan : Oliver,OLIVER,9,6
Large Leather Handbag  Bridge/vt : Gina,GINA,58,53
Large Leather Vintage Holdall Brandy : F-87,F-87,24,7
Large Leather Weekend Holdall Chestnut/vt : Charles,CHARLES,115,8
Large Quilted Leather Zip Around Note And Coin Purse Green: QLP,QUILTED PURSES,6,7
Large Quilted Leather Zip Around Note And Coin Purse Navy: QLP,QUILTED PURSES,5,7
Large Quilted Leather Zip Around Note And Coin Purse Salmon: QLP,QUILTED PURSES,5,7
Large Vegetable Tanned Leather Travel Holdall-Harold- Chestnut,HAROLD,11,8
Large Vintage Leather Travel Holdall Brown: Jayden,JAYDEN,32,8
Leather  Black/ Nappa : Flared Pedal Pushers,PADDLE PUSHERS,8,39
Leather & Canvas Hanging Toiletry Bag Brown/tum : 7010,7010,47,9
Leather Biker Jacket Black :  Scarlett,RUTH,17,13
Leather Biker Jacket Black :  Zoey,JAIN,15,22
Leather Biker Jacket Black : Bronx,2101,29,7
Leather Biker Jacket Black : Lillian,N-12,5,6
Leather Biker Jacket Black/nap: Soho,SOHO,6,27
Leather Biker Jacket Black: Medusa,BR CHELSEA,8,18
Leather Biker Jacket Navy : Lola,G 2131,80,6
Leather Biker Jacket Vin Burgundy: Lola,G 2131,19,12
Leather Biker Jacket Vin Tan: Lola,G 2131,22,12
Leather Briefcase 8190 Chestnut/vt :  8190,8190,14,6
Leather Cream Cleaning Product,LEATHER CREAM,23,9
Leather Document Holder Black : A4 Sleeve,A4 SLEEVE,11,12
Leather Document Holder Brown : A4 Sleeve,A4 SLEEVE,14,7
Leather Duffle Leather Coat Mid Brown/ app: Brienne,TINA,10,13
Leather Front Waistcoat Black : Thomas,SATIN BACK W/COAT,7,6
Leather Gloves 401 Brown,401,10,24
Leather Gloves 401 Navy,401,12,7
Leather Gloves 401 Red,401,19,16
Leather Gloves 710 Black,710,31,20
Leather Gloves 710 Tan,710,24,7
Leather Gloves Taupe : 401,401,5,7
Leather Hanging Wash Bag 89145 Chestnut,89145,33,8
Leather Hooded Bomber Jacket  Black : Addison,5868,21,15
Leather Jacket  Navy/nap : Isla,AWL-738,8,6
Leather Jacket Black : Essen,NANCY,20,95
Leather Jacket Black/app : Marabelle,ANGELA,13,111
Leather Jacket Black/ddy : Isla,AWL-738,5,6
Leather Jacket Cognac/nap : Marabelle,ANGELA,5,13
Leather Jacket Tan : Edinburgh,1895,238,10
Leather Passport Cover & Card Holder Gift Set Chestnut: GS-1280,gs-1280,6,8
Leather Short Biker Jacket Stone : Brooklyn,6617,5,27
Leather Suit Carrier Harper Brown,HARPER,25,8
Leather Suit Carrier Harper Chestnut,HARPER,58,8
Leather Three Section Cross Body Bag Black/croc: 63789 Croc,63789 croc,9,58
Leather Three Section Cross Body Bag Black: 63789,63789,9,132
Leather Three Section Cross Body Bag Tan/croc: 63789 Croc,63789 croc,6,122
Leather Three Section Cross Body Bag Tan: 63789,63789,13,78
Leather Travel Luggage Tag G Chestnut  :Poh-1546,poh-1546,6,19
Leather Travel Wallet Black : TW-01,TW-01,13,10
Leather Travel Wallet Brown : TW-01,TW-01,7,24
Leather Travel Wallet Chestnut : TW-01,TW-01,15,20
Leather Vintage Laptop Work Bag  Brandy : F-83,F-83,9,6
Leather Vintage Laptop Work Bag Tan : F-83,F-83,7,7
Leather Vintage Medium Flight Shoulder Bag Black/mud : F-82,F-82,7,6
Leather Vintage Medium Flight Shoulder Bag Brandy : F-82,F-82,18,8
Leather Vintage Medium Flight Shoulder Bag Tan : F-82,F-82,19,6
Leather Vintage Messenger Bag Brandy : F-85,F-85,11,6
Leather Vintage Small Flight Shoulder Bag Brandy : F-81,F-81,6,6
Leather Waistcoat Mid Brown/app : Tudor,MEN VEST,14,24
Leather Waistcoat Tan/app : Tudor,MEN VEST,13,20
Leather Weekend Holdall Brown/tum : Charles,CHARLES,19,7
Lightweight Natural Skin Lined Leather Driving Gloves Tan - 750,750,9,9
Long Handle Leather Shopper Bag Red– 62320,62320,22,38
Luggage Extra Large Leather Travel Holdall 2081 Black/vt,2081,10,10
Luggage Five Pocket Carry All Leather Messenger Bag - Pedro- Tan,PEDRO,13,6
Luggage- Five Pocket Carry All Leather Messenger Bag - Pedro- Mud/mud,PEDRO,22,7
Marta Ponti Luxury  Leather  Coin Wallet :  MP B21P047,MP B21P047,7,29
Mayfair Hi Veg Leather Flight-Cabin Weekend Holdall Tempo Tan :  8150,8150,7,8
Mayfair Hi Veg Leather Hanging Wash Bag Tempo Tan : 8140,8140,6,14
Mayfair Hi Veg Leather Tablet Holder and A4 Sleeve Section Tempo Brown: 8141,8141,8,9
Medium Croc Print Leather Wallet Purse Cognac/croc: MC7,mc 7,7,39
Medium Croc Print Leather Wallet Purse Navy/croc: MC7,mc 7,6,37
Medium Leather Shopper & Work Bag Tan : Lauren,LAUREN,5,13
Medium Leather Shoulder Bag Khaki : 62551,62551,8,11
Medium Leather Shoulder Bag Red: 62551,62551,10,57
Medium Leather Shoulder Bag  Navy: 62551,62551,16,24
Medium Leather Shoulder Bag Mandarin: 62551,62551,6,58
Medium Weekend Leather Holdall - Harry- Chestnut/vt,HARRY,26,7
Medium Zip Top Leather Cross Body Bag Black: Jackie,JACKEY,49,9
Men's Detachable Hood Leather Jacket Wash Red: Regal,regal,12,6
Men's Leather  Laced Waistcoat Black :  Biker Waistcoat,W/COAT LACE PLAIN,5,15
Men's Leather Gloves Black/grey: GB-525,gb-525,7,27
Men's Leather Gloves Black: GB-520,gb-520,5,75
Men's Leather Gloves Black: GB-530,gb-530,11,158
Men's Touch Screen Friendly Leather Gloves Tan: 775,775,8,7
Mens 501 Leather Jeans Black : LJ 501,MENS 501 JEANS,18,19
Mens Ashwood Leather Gloves Black: 501,501,32,12
Mens Leather & Canvas Hanging Toiletry Bag Mud/mud : 7010,7010,68,6
Mens Leather Belt Black: MB-107,MB-107,9,33
Mens Leather Belt Brown: MB-107,MB-107,12,27
Mens Leather Belt Brown: MB-109,MB-109,6,23
Mens Leather Belt Navy: MB-109,MB-109,5,21
Mens Leather Biker Jacket Cognac: M-Nobel,m-nobel,5,6
Mens Leather Body Warmer Cognac: Massimo Gillet 1,MASSIMO GILLET 1,13,8
Mens Leather Chino Belt Brown: MB-102,MB-102,7,14
Mens Leather Chino Belt Navy: MB-102,MB-102,5,18
Mens Leather Chino Belt Tan: MB-102,MB-102,11,17
Mens Leather Holdall Weekend Bag Chestnut: Calvin,GB CALVIN,13,8
Mens Leather Messenger Bag Black: GB Logan,GB LOGAN,12,9
Mens Leather Messenger Bag Chestnut: GB Logan,GB LOGAN,10,20
Mens Leather Sheepskin Gloves Army Green: DB-706,db-706,10,108
Mens Leather Sheepskin Gloves Black: DB-705,db-705,31,627
Mens Leather Sheepskin Gloves Black: DB-905,DB905,13,144
Mens Leather Sheepskin Gloves Grey: DB905,DB905,5,88
Mens Leather Sheepskin Gloves Mocca Green: DB-707,db-707,11,17
Mens Leather Sheepskin Gloves Nap Black Grey: DB-707,db-707,18,37
Mens Leather Sheepskin Gloves Nap Black: DB-709,db-709,84,281
Mens Leather Sheepskin Gloves Nap Blue: DB-709,db-709,15,12
Mens Leather Sheepskin Gloves Nap Green: DB-705,db-705,19,273
Mens Leather Sheepskin Gloves Nap Grey: DB-707,db-707,6,17
Mens Leather Sheepskin Gloves Navy: DB-707,db-707,29,85
Mens Leather Sheepskin Gloves Navy: DB905,DB905,6,58
Mens Leather Sheepskin Gloves Tan: DB905,DB905,18,81
Mens Leather Wash Bag Brandy : Duff,DUFF,9,9
Mens Leather Washbag Black : G-37,G-37,9,9
Mens Leather Washbag Black: GB Milo,GB MILO,33,285
Mens Leather Washbag Chestnut: GB Milo,GB MILO,72,299
Mens Side Zip Leather Biker Jacket Black: Harley,harley,6,17
Mens Suede Sheepskin Gloves Brown: db-407,db-407,22,7
Mens Suede Sheepskin Gloves Tan: db-407,db-407,6,9
Mens Waxy Leather Washbag Brown: W-77,W-77,8,10
Mini Leather Shoulder Bag Tan: AJ-630,AJ-630,9,18
Natural Sheepskin Hot Water Bottle Cover Duck Egg:  HW Bottle Cover,WOOL WATER,16,9
Natural Sheepskin Hot Water Bottle Cover Linen:  HW Bottle Cover,WOOL WATER,6,19
Natural Sheepskin Hot Water Bottle Cover Ochre:  HW Bottle Cover,WOOL WATER,6,9
Natural Sheepskin Hot Water Bottle Cover Rosa Pink:  HW Bottle Cover,WOOL WATER,15,9
Natural Sheepskin Hot Water Bottle Cover Wolf Tip:  HW Bottle Cover,WOOL WATER,8,14
Oily Hunter Medium Travel Flight Bag Tan : 1661,1661,5,9
Real Leather Tote Bag 2 Tone Tan: 63754,63754,5,36
Real Leather Tote Bag Black: 63754,63754,8,43
Sheepskin Boot Key Ring : Brown/nap,ASHWOOD KEYRING,6,12
Sheepskin Boot Key Ring : Tan Multi,ASHWOOD KEYRING,22,16
Sheepskin Fingerless Patch Mittens Taupe: P734,p734,26,20
Sheepskin Flying Jacket Brn/cream : Luan,KE-184,9,7
Sheepskin Slippers Chestnut: Ladies Booties,LADIES BOOTYS,37,7
Skinny Fit Leather And Lycra Leggings Black : Lilly,LEATHER LEGGINGS,10,22
Small Leather Flight Side Bag- Murphy - Chestnut/vt,MURPHY,15,6
Small Vegetable Tanned Cash And 10 Card Envelope Purse Chestnut: V-62,V-62,6,6
Small Vegetable Tanned Cash And 10 Card Zip Around Purse Black: V-61,V-61,7,8
Small Vegetable Tanned Leather Note And Coin Purse  Black : POH-1001,POH-1001,7,8
Small Zip Around Leather Flight Side Bag - Jerry - Brown/tum,JERRY,9,6
Small Zip Top Vegetable Tanned Leather Cross Body Bag Chestnut : V-20,V-20,19,8
Soltau Tan Leather Biker Jacket,2296,6,13
Stitch Detail Leather Gloves Red : 733,733,16,6
Suede and Leather Gloves : 327,327,11,21
Suede and Leather Luxury Backpack Tan : Tucker,TUCKER,9,6
Suede and Leather Luxury Holdall Grey : Harrington,HARRINGTON HOLDALL,18,12
Tab Black - Small Zip Top Leather Cross Body Bag,TAB,85,11
Tab Small Zip Top Leather Cross Body Bag Cognac/Croc,TAB,9,99
Tablet Friendly Medium Vintage Leather Messenger Bag Tan : Monti,MONTI,7,6
Three Pocket Luxury Small Leather Flight Bag - 4551 - Black,4551,37,14
Three Section A4 Croc Patent Leather Work Bag Green: A4 Work Bag,A4 WORKBAG,5,9
Touch Screen Friendly Leather Gloves Black : 821,821,9,17
Touch Screen Friendly Two Tone Leather Gloves Black/Black :  137,137,8,17
Twin Zip Fastening Leather Jacket  Cognac : Ciara,ESTIMO,8,7
Two Button Leather Blazer Timber : Vito,2288,42,8
Two Section Oily Hunter Leather Wash Bag Tan : 1667,1667,10,20
Unisex Mayfair Hi Veg Leather Backpack Tempo Brown : 8144,8144,17,7
Unisex Sheepskin Trapper Hat Black :  Barin,208,8,21
Vegetable Tanned  Classic Leather Brogue Belt Tan : 1997,1997,15,15
"Vegetable Tanned Flip Side 6 card, ID & Coins Dual Bill fold Tab Leather Wallet Black : 1246-VT",1246-VT,5,6
Vegetable Tanned Leather Classic 8 Card Bill Fold  Wallet Black : 1211-VT,1211-VT,5,14
Vegetable Tanned Leather Document Holder Chestnut : A4 Sleeve,A4 SLEEVE,21,8
Vegetable Tanned Small Leather Backpack Chestnut :  V-25,V-25,8,7
Vegetable Tanned Small Leather Cross body Shoulder Bag Chestnut : V-21,V-21,5,20
Vintage Biker Leather Jacket Tan : Kelly,NAG,5,6
Vintage Leather Biker Jacket Blue/ Black :  Jaxon,2599,39,7
Vintage Leather Cross Body Shoulder Bag Brandy – G22,G22,18,6
Vintage Oily Hanging Leather Wash Bag Tweed : Liam WB,LIAM,21,7
Vintage Oily Hunter Leather Backpack Brown: Kane,KANE,10,7
Vintage Small Leather Shoulder Bag Honey – G20,G20,11,8
Vintage Two Pocket Leather Shoulder Bag Brandy – G21,G21,7,7
Vintage Woven Large Leather Handbag Tan:  D-95,d-95,9,7
Vintage Woven Leather 7 Card Purse Dk Brown:  D-82,D-82,6,12
Vintage Woven Leather 7 Card Purse Green:  D-82,D-82,5,10
Vintage Woven Leather 7 Card Purse Orange:  D-82,D-82,5,16
Vintage Woven Leather 7 Card Purse Yellow:  D-82,D-82,5,10
Vintage Woven Leather Medium 18 Card Purse Cognac :  D-83,D-83,19,8
Vintage Woven Leather Medium 18 Card Purse Dark Brown :  D-83,D-83,9,13
Vintage Woven Leather Medium 18 Card Purse Dark Grey :  D-83,D-83,10,10
Vintage Woven Leather Medium 18 Card Purse Navy :  D-83,D-83,7,19
Vintage Woven Leather Zip Around Large 10 Card Coin Note Purse Taupe:  D-81,D-81,5,13
Vintage Woven Leather Zip Around Large 10 Card Coin Note Purse Turquise :  D-81,D-81,5,14
Vintage Woven Leather Zip Around Large 22 Card Coin Note Purse Cognac :  D-84,D-84,9,14
Vintage Woven Leather Zip Around Large 22 Card Coin Note Purse Green :  D-84,D-84,7,10
Vintage Woven Leather Zip Around Large 22 Card Coin Note Purse Taupe:  D-84,D-84,5,9
Vintage Woven Leather Zip Around Small  6 Card Coin Purse Taupe :  D-80,D-80,5,10
Women's Classic  Suede Sheepskin Moccasin Slippers Brown: Ladies Moccasins,LADIES MOCCASSINS,11,18
Women's Classic  Suede Sheepskin Slippers Tan: Fen-Ladies,FEN-LADIES SLIPPERS,18,8
Women's Fashion Leather Biker Style Jacket Black: 1133,1133,6,6
Women's Large Leather Shopper Tote Bag Panna Cota Cream : 61911,61911,6,10
Women's Leather Biker Jacket Brown : Tavira,CAROL,36,6
Women's Leather Medium Saddle Shoulder Handbag Black: 63791,63791,16,121
Women's Leather Shoulder Handbag Black/croc: 63787 Croc,63787 croc,8,189
Women's Leather Shoulder Handbag Black/croc: 63788 Croc,63788 croc,8,91
Women's Leather Shoulder Handbag Black: 63786,63786,5,10
Women's Leather Shoulder Handbag Black: 63787,63787,8,91
Women's Leather Shoulder Handbag Black: 63788,63788,6,98
Women's Leather Shoulder Handbag Green/croc: 63787 Croc,63787 croc,6,70
Women's Leather Shoulder Handbag Tan: 63787,63787,5,98
Women's Leather Shoulder Handbag Tan: 63788,63788,7,84
Women's Luxury  Sheepskin Flip Flops Grey  : Fen-SFF,LADIES FLIP FLOP,35,22
Women's Medium Leather Wallet Purse Black: J-55,J-55,31,7
Women's Sheepskin Gloves Beige : DB-806,db-806,71,8
Women's Sheepskin Gloves Brick Red : DB-808,db-808,20,97
Women's Sheepskin Gloves Dark Green : DB-803,db-803,56,76
Women's Sheepskin Gloves Khaki : DB-807,db-807,20,500
Women's Sheepskin Slippers Black Leopard: Ladies Booties,LADIES BOOTYS,5,31
Women's Suede Sheepskin Gloves Aubergine : DB906,DB906,14,61
Women's Suede Sheepskin Gloves Black : DB 010,DB 010,5,6
Women's Suede Sheepskin Gloves Black/ Black : DB906,DB906,35,195
Women's Suede Sheepskin Gloves Black/brissa : DB906,DB906,27,168
Women's Suede Sheepskin Gloves Brown: DB-405,db-405,18,7
Women's Suede Sheepskin Gloves Taupe : DB906,DB906,18,184
Women's Twin Zip Fastening Leather Jacket Black : Ciara,ESTIMO,29,32
Women's Vintage Wash 12 Card Leather Purse Honey Tan: G-42,G-42,13,6
Women's Vintage Wash Leather Wallet Purse Brandy : G-41,G-41,24,6
Women's Vintage Wash Leather Wallet Purse Grey: G-41,G-41,9,10
Women's Vintage Wash Leather Wallet Purse Tan : G-41,G-41,24,8
Womens  Flap Over Leather Cross Body Bag Black: Ela 1495,ELA 1495,13,40
Womens  Flap Over Leather Cross Body Bag Navy: Ela 1495,ELA 1495,8,27
Womens Leather Biker Jacket Black/yellow: 2810,2810,56,10
Womens Leather Biker Jacket Coffee: 2810,2810,83,7
Womens Leather Sheepskin Mittens Blk-l: Mittens 2020,MITTENS 2020,48,151
Womens Leather Sheepskin Mittens Brown: DB 020,DB 020,5,20
Womens Luxury Shearling Jacket Black/ Blk : Alayna,P-47,37,50
Womens Luxury Shearling Jacket Tan: Alayna,P-47,13,15
Womens Short Leather Blazer Jacket Black : Ballina,1696,28,6
Womens Short Leather Blazer Jacket R/Brown : Ballina,1696,31,55
Womens Tab Small Zip Top Leather Cross Body Bag Blue,TAB,11,72
Womens Tab Small Zip Top Leather Cross Body Bag Green,TAB,12,57
Womens Tab Small Zip Top Leather Cross Body Bag Military Green,TAB,6,10
Womens Tab Small Zip Top Leather Cross Body Bag Orange,TAB,9,10
Womens Tab Small Zip Top Leather Cross Body Bag Slate Blue,TAB,22,51
Womens Tab Small Zip Top Leather Cross Body Bag Tan,TAB,34,30
Woven Classic Large Leather Vintage Crossbody Bag Taupe :  D-72,D-72,5,12
Zip And Stitch Detail Leather Gloves Shiraz : 373,373,10,6
Zip Top Leather Cross Body Bag Navy:  Ela 1498,ELA 1498,14,7
