Style,Colour,,Size,Description,PLU,,Stock
19-149,BLACK,,NA,handbag,0004119100,,-1
19-149,BRIDGE,,NA,handbag,0004119400,,-1
19-149,NAVY,,NA,handbag,0004119300,,-2
19-149,RED,,NA,handbag,0004119200,,-1
01434501 5L,BROWN/TAN,,NA,wallet,0003277600,,-1
030-T,NAVY,,L,s/skin/material hats,0003557605,,-1
041K,GINGER,,L,s/skin helmet hat,0004071305,,-1
0479,BURGANDY,,8,APACHI TROUSERS,0003632701,,-1
04K,BROWN,,M,grandfather s/skin hat,0003571504,,-2
060417 3Z 5S NH,BRN/GREEN/PALLADIUM,,NA,BRIEFCASE 2017,0002497800,,-1
061506 3Q 5Z NH,BLACK/BRN/GUNMETAL,,NA,BRIEFCASE 2017,0002493900,,-1
061556 3Q 5Z NH,BLACK/BRN/GUNMETAL,,NA,RUCKSACK/BACKPACK 2017,0002566700,,-2
103-A,BLACK,,M,ladies glove,0002885801,,-1
104,BROWN,,M,LADIES GLOVES,0000302904,,-1
109,PURPLE,,M,LADIES GLOVES,0000238504,,-2
109,SHIRAZ,,M,LADIES GLOVES,0002892004,,-1
1128 biker,BROWN,,4XL,mens vintage biker,0004634309,,-4
1211 D,BROWN/WAXY,,NA,CLASSIC CARD WALLET,0000085400,,-1
1298 D,BROWN/WAXY,,NA,TRAVEL ORGANISER,0000087200,,-2
1331,TAN,,NA,BACKPACK,0003859300,,-1
1363,NAVY,,NA,WALLET,0002583300,,-4
137,BLK/BLUE,,M,ladies glove,0002885401,,-1
1690-K,BEIGE,,12,REX RABBIT FUR,0002720603,,-1
18-025,BRIDGE,,NA,handbag,0004120200,,-3
18-025,NAVY,,NA,handbag,0004120100,,-3
19-130SR,BLACK,,NA,handbag,0004119500,,-1
19-130SR,BRIDGE,,NA,handbag,0004119800,,-1
20-146,BLACK,,NA,handbag,0004118700,,-4
20-146,BRIDGE,,NA,handbag,0004119000,,-4
20-207,BROWN/VT,,ONE SIZE,rucksack with purse,0004530200,,-4
2101,TAN/WAXY,,2XL,BIKER STYLE,0004937507,,-1
2262,BLACK,,S,BIKER STYLE 3 POCKETS SHEEP,0001358003,,-1
2622,BLACK/TAN,,4XL,biker style,0003515109,,-1
2638,BLACK,,L,GRAFFITI SHEEPSKIN,0002954105,,-1
2718,BLACK/RED,,2XL,biker style,0003518107,,-1
2810,COFFEE,,18,ladies strip biker,0004365306,,-1
2824,TAN,,XL,mens biker,0004312006,,-1
2834,COFFEE,,2XL,mens pilot jacket,0004396607,,-1
303,BLACK/ANI,,L,BLOUSON STYLE SHEEP,0002278105,,-1
327,PLUM,,M,ladies glove,0002874201,,-2
373,RED,,S,ladies glove,0002897400,,-4
373,RED,,M,ladies glove,0002897401,,-2
373,RED,,L,ladies glove,0002897402,,-3
4071,BLACK,,L,biker suede weave,0003648605,,-1
4551,TAN,,NA,stratford bag,0002303500,,-1
52216,BRIDGE/VT,,NA,REINDEER,0002390300,,-1
52216,RED/VT,,NA,REINDEER,0002390100,,-1
52234,BLACK,,NA,black bags,0002304500,,-3
52235,RED/VT,,NA,REINDEER BACKPACK,0002391000,,-2
5704,NAVY/NAP,,4XL,MENS BLOUSON SHEEP,0000136309,,-1
5868,BLACK/NAP,,L,MENS BOMBER SHEEP,0000340705,,-1
61639,BLK/ZEBRA,,NA,LADIES BAGS,0003737100,,-1
61648,BLACK,,NA,handbag,0003224800,,-1
61914,BRANDY,,NA,oversize flap over x body,0004025500,,-1
61914,NUT,,NA,oversize flap over x body,0004025600,,-1
62081,TWO TONE TAN,,NA,bag,0003715700,,-1
62145,TAN SNAKE,,NA,ashwood bags,0003739500,,-1
62320,CHITRON,,NA,ashwood handbags,0003744800,,-1
62340,BRANDY,,NA,triple compartment bag,0004024900,,-2
62551,BLACK,,NA,side bag/clutch bag,0003754900,,-5
62551,CAMEL,,NA,side bag/clutch bag,0003755700,,-1
62551,GOLD,,NA,side bag/clutch bag,0003754400,,-1
62551,TAN,,NA,side bag/clutch bag,0003755800,,-3
62646 S,ICE BLUE,,NA,ladies safiano bag,0004113200,,-1
62725,BLACK,,NA,ashwood handbags,0004271500,,-1
62725,TWILIGHT BLUE,,NA,ashwood handbags,0003753100,,-1
62879,BLACK,,NA,body bag,0004927600,,-2
63002/NORA,COGNAC,,NA,handbag,0003849900,,-1
63363,BORDO,,NA,handbag,0004163300,,-1
63753,2 tone tan,,ONE SIZE,saddle bag,0004934000,,-2
63753,BLACK,,ONE SIZE,saddle bag,0004933900,,-1
63788 croc,GREEN/CROC,,ONE SIZE,handbag,0004507900,,-1
63931,2 tone tan,,ONE SIZE,multi utility crossbody bag,0004928200,,-1
64033,ochre yellow,,ONE SIZE,side bag with loop,0004933400,,-4
64203,BLACK,,ONE SIZE,hobo shoulder bag,0004931700,,-1
705 SUEDE,TAN,,16,biker style,0004158205,,-1
714,BLACK,,M,MENS GLOVES,0000321104,,-2
714,BROWN,,M,MENS GLOVES,0000322504,,-1
733,BROWN,,M,LADIES GLOVES,0000272104,,-1
733,CREAM,,M,LADIES GLOVES,0000273504,,-1
733,NAVY,,S,LADIES GLOVES,0000274903,,-1
733,NAVY,,M,LADIES GLOVES,0000274904,,-1
7629,TAN,,2XL,biker style,0003710607,,-1
7992,RUST,,NA,LAPTOP SLEEVE,0002019900,,-1
8143,TAN,,NA,briefcase,0002856800,,-2
AB-12,BLACK,,L,mens jeans belt,0003447405,,-1
AB-12,BLACK,,XL,mens jeans belt,0003447406,,-2
AB-12,BLACK,,2XL,mens jeans belt,0003447407,,-2
AB-12,TAN,,2XL,mens jeans belt,0003451907,,-1
AB-13,TAN,,L,mens jeans belt,0003444405,,-1
AB-13,TAN,,XL,mens jeans belt,0003444406,,-1
AB-32,BROWN,,5XL,mens trouser belt,0003460910,,-1
AJ-630,ICE GREY,,NA,flat side bag,0004058200,,-3
ASH 20,BLK/LEOPARD,,NA,ashwood bags,0003748200,,-1
AWL-280,COGNAC/APP,,18,CHANNEL COLLAR SHEEP,0001426506,,-2
AWL-280,MID BROWN/NAP,,20,CHANNEL COLLAR SHEEP,0001870607,,-1
AWL-281,BLACK,,14,slim fit chanel,0004170104,,-1
awl-284,TAUPE,,16,ladie plain channel jkt,0004866105,,-1
AWL-672,COGNAC/NAP,,18,SHORT MANDRIN COLLAR,0001709506,,-1
AWL-710,MID BROWN,,20,RIBBED LEATHER BIKER,0001831007,,-1
awl-n30,BLACK,,12,ladies biker,0004949503,,-1
B-5661,TAN,,16,RAW EDGE CREAM FUR,0000702905,,-1
BB3,BLK/SAGE,,10,CANVAS LEATHER S/SKIN,0001626602,,-1
BIKER 320,BLACK,,M,mens moterbike jacket,0003968904,,-1
BR CHELSEA,GREEN,,8,BIKER STYLE,0002168001,,-1
BR CHELSEA,GREEN,,10,BIKER STYLE,0002168002,,-1
BR CHELSEA,GREEN,,14,BIKER STYLE,0002168004,,-1
BR CHELSEA,GREEN,,18,BIKER STYLE,0002168006,,-4
BR CHELSEA,GREEN,,20,BIKER STYLE,0002168007,,-2
BR-ALICE,GREY,,14,ladies biker style,0004232404,,-1
BRM-06,DEEP RED,,NA,LADIES SHOPPER,0002170700,,-1
C-50,BLK/CROC,,NA,premium croc bags,0004473200,,-7
C-50,GREEN/CROC,,NA,premium croc bags,0004473400,,-8
C-50,TAN/CROC,,NA,premium croc bags,0004473300,,-3
C-52,BLACK,,NA,premium croc bag,0004149300,,-1
C-53,GREEN,,NA,premium croc bag,0004149800,,-2
C-55,BLACK,,NA,premium croc bags,0004150300,,-2
CAP-01,BROWN,,S,PLAIN LEATHER CAP,0002396003,,-1
CAP-01,BROWN,,M,PLAIN LEATHER CAP,0002396004,,-2
CAP-01,BROWN,,L,PLAIN LEATHER CAP,0002396005,,-2
CAP-01,TAN,,M,PLAIN LEATHER CAP,0002394604,,-1
CAP-01,TAN,,L,PLAIN LEATHER CAP,0002394605,,-1
CAP-02,BROWN,,XL,LEATHER CAP,0002401606,,-1
CAP-03,GRAY,,M,8 panels cap,0003368704,,-1
CAP-03,GRAY,,L,8 panels cap,0003368705,,-2
CAROL,BROWN,,8,CUFF RIBBED BIKER,0001719101,,-1
CL G,PURPLE,,M,GLOVES,0003964304,,-1
CL G,PURPLE,,L,GLOVES,0003964305,,-1
CL S/SKIN L16,NA,,14,ladies s/skin,0004260304,,-1
CL S/SKIN L2,NA,,16,MIXED IN,0000868705,,-1
CLB 01,NA,,NA,MIXED STUFF,0001247400,,-1
CLB 15,NA,,NA,MIXED BAGS,0001248800,,-1
COLLONIL SHOE CREAM,NEUTRAL,,NA,SHOE CREAM/DYE 50ML,0002583600,,-2
CP 04,NA,,NA,CLEARANCE PURSE,0002108700,,-4
CROCO TN,BLACK,,3XL,NAG NEW TURK,0002644308,,-1
CW-3,NA,,NA,wallet,0002933200,,-15
D-71,TAUPE,,NA,CRISS CROSS BAG,0004030700,,-1
D-73,TAUPE,,NA,CRISS CROSS BAG,0004031900,,-1
D-83,TURQUISE,,NA,CRISS CROSS PURSE,0004415000,,-1
D-84,DK GREY,,NA,CRISS CROSS PURSE,0004038000,,-1
DB 009,BROWN,,S/M,mens sheepskin gloves,0004110300,,-1
db-705,BLACK,,M/L,mens skin gloves,0004491701,,-4
db-705,nap brown,,M/L,mens skin gloves,0004492601,,-3
db-707,nap grey,,M/L,mens s/skin gloves,0004490801,,-4
db-707,NAVY,,M/L,mens s/skin gloves,0004489301,,-4
db-707,taupe gray,,L/XL,mens s/skin gloves,0004491402,,-20
db-806,BLACK,,M/L,ladies s/skin gloves,0004487801,,-2
db-807,BLACK,,S/M,ladies s/skin gloves,0004486000,,-1
DB905,L-DK GREY,,L/XL,S/SKIN GLOVES,0003970401,,-3
DB906,BLACK/BLK,,L/XL,ladies s/skin glove,0003956102,,-1
DB906,LT TAN 15,,S/M,ladies s/skin glove,0003955201,,-1
DB906,WINE,,M/L,ladies s/skin glove,0003952000,,-4
DB906,WINE,,S/M,ladies s/skin glove,0003952001,,-4
E1661,DARK GREEN,,M,nag new turk,0002618704,,-1
E1661,DARK GREEN,,L,nag new turk,0002618705,,-1
ELA 1499,BLACK,,NA,ladies bag,0004166300,,-3
ELA 1711,BLACK,,NA,side bag,0004166200,,-1
ELA 1711,YELLOW,,NA,side bag,0003541800,,-1
ELA 761M,BLACK,,NA,FLAT CL VT,0001297100,,-1
FO WILLIE,TAN,,M,bomber jacket,0002326004,,-1
FO-ALVA,IVORY,,12,BIKER,0004299203,,-1
FO-GELLET-1,BLACK,,14,ladies zip waistcoat,0002234604,,-1
FO-GELLET-1,BLACK,,16,ladies zip waistcoat,0002234605,,-1
FO-GELLET-1,BLACK,,18,ladies zip waistcoat,0002234606,,-1
G 2131,VIN TAN,,10,ladies biker,0004187402,,-1
G21,HONEY,,NA,ashwood handbag,0003741800,,-1
G-6400,BLACK,,3XL,mens biker,0004348408,,-1
GB BLAKE,BLACK,,ONE SIZE,measenger bag,0004413500,,-2
GINA N,BLACK,,NA,new bag,0003214400,,-1
G-N W/COAT,BLACK,,4XL,buckels waist coat,0003987009,,-1
G-W/C 632,BLACK,,6XL,cow hide side lace waistcoat,0003991511,,-1
J-53,BLUE ATOLL,,NA,xl purse,0004285400,,-1
J-53,GUMDROP GREEN,,NA,xl purse,0004285700,,-2
J-53,WINTER SKY,,NA,xl purse,0004285800,,-3
J-55,GUMDROP GREEN,,NA,small purse,0004287400,,-1
J-55,MANDARIN,,NA,small purse,0004287600,,-1
JESSIE,BLACK,,16,SHORT LADIES BIKER,0001539305,,-1
JESSIE,BLACK,,20,SHORT LADIES BIKER,0001539307,,-1
JESSY-2,RED,,24,DIAMOND SHOULDER,0004848109,,-1
KB 56,GRAY,,8,FULL LENGTH GREY BRISSA FUR,0000776101,,-1
KB-496,WHISKY/BRISSA,,M,sheepskin ladies hats,0004008904,,-1
KB-500,GINGER,,XL,sheepskin hat,0002818406,,-2
KI-007,BROWN,,NA,marseillie stool,0004209500,,-1
LADIES MATRIX,BLACK/NAP,,18,F/L ZIP SHEEP,0000678206,,-2
LADIES QUILTED BIKER,BLACK,,12,biker style,0004200903,,-1
LADIES QUILTED BIKER,BROWN,,16,biker style,0004352905,,-1
LDC-2,NA,,28,CLEARENCE LADIES JACKETS,0001164611,,-2
LDC-41,NA,,12,CLEARENCE LADIES JACKETS,0001211403,,-1
LISA MELINA,BLACK,,12,no colar biker,0002081603,,-1
LTR BIKER,BLACK,,L,live to ride,0002294505,,-1
LYNDON,COPPER BROWN,,ONE SIZE,weekend holdall,0003876800,,-1
M14,BROWN/ANI,,L,MENS 3/4 SAFARI BUFF FINISH,0000029505,,-1
M-61,BLACK,,ONE SIZE,handbag,0003906400,,-1
M-64,BLACK,,ONE SIZE,handbag,0003907000,,-8
M-64,COGNAC,,ONE SIZE,handbag,0003907100,,-6
MARCUS,TWEED,,NA,weekend bag,0004372900,,-1
marlow,BLACK,,3XL,biker jacket,0004841108,,-1
MASSIMO,VIN BLUE,,2XL,light puffer jacket,0004123307,,-1
MASSIMO GILLET 1,BLACK,,XL,mens gillet,0004054806,,-1
MB139,RED,,10,ladies colar less biker,0004390002,,-1
MB139,RED,,24,ladies colar less biker,0004390009,,-1
MCO52257,NAVY,,NA,handbag,0004117700,,-1
MDC-16,NA,,M,CLEARENCE MENS JACKETS,0001125504,,-1
MDC-24,NA,,S,CLEARENCE MENS JACKETS,0001138103,,-1
MENS 501 JEANS,BLACK,,44,501 JEANS,0001636709,,-2
MENS BOOTIE,GRAY,,11/12,MENS SHEEPSKIN BOOTIES,0003947704,,-2
MENS MOCCASSINS,TAN/BEIGE,,11/12,s/skin slipper shoe,0003937904,,-1
ML2-BLAZER,NAVY,,5XL,two button blazer,0002316210,,-2
ML2-BLAZER,TAN,,2XL,two button blazer,0002314807,,-1
N 1265,BLACK,,NA,TRIPLE FOLD WALLET,0001073100,,-3
N 1265,BROWN,,NA,TRIPLE FOLD WALLET,0001712500,,-2
NC GLOVES,BROWN,,S,SHEEP,0000995903,,-1
NC GLOVES,BROWN,,M,SHEEP,0000995904,,-2
NIBI 2,TAN/NAP,,20,PLAIN BIKER SHEEP,0001865807,,-1
OWEN,BROWN,,3XL,mens hunter waistcoat,0004219508,,-1
P-47,BRN/BRN,,20,side zip biker s/skin,0003872607,,-2
P-48,BRN/CREAM,,10,ladies short sheepskin,0004795702,,-1
ph-2,BLACK,,ONE SIZE,small pouch bag,0004530300,,-1
PHILLIPA,PINK,,NA,MAKE UP BAGS,0000915000,,-1
ROD K,BLACK/BRISSA,,S,S/SKIN REEFER BLK BRISSA FUR,0000816503,,-1
ROD K,BLACK/BRISSA,,XL,S/SKIN REEFER BLK BRISSA FUR,0000816506,,-1
ROD K,BLACK/BRISSA,,2XL,S/SKIN REEFER BLK BRISSA FUR,0000816507,,-1
s1,MANDARIN,,NA,ladies purse,0004523400,,-1
s2,DENIM BLUE,,NA,purse,0004523600,,-3
S-20,TAN,,ONE SIZE,zip around purse,0004379000,,-2
s3,DENIM BLUE,,NA,purse,0004524200,,-1
s3,MANDARIN,,NA,purse,0004524300,,-1
s3,poppy red,,NA,purse,0004524500,,-2
s3,TWO TONE TAN,,NA,purse,0004524600,,-1
s5,DENIM BLUE,,NA,purse,0004525400,,-1
SB CROSS BODY,LILAC GREY,,ONE SIZE,side bag,0004302600,,-1
SB CROSS BODY,POWDER PINK,,ONE SIZE,side bag,0004302200,,-1
SCOTT,COPPER BROWN,,ONE SIZE,travel rucksack,0003876600,,-1
SI 1331,BLACK/VT,,NA,STACEY REINDEER,0002310400,,-1
sofi,COGNAC,,16,ladies hooded biker,0004688305,,-1
STYLE F,DARK BROWN,,16,SHEEP IRANI VEG,0002152005,,-1
TAB,CROC BLK,,NA,TAB FLAP ON FRONT,0004503900,,-1
TAB,NAVY,,NA,TAB FLAP ON FRONT,0000851700,,-9
TRAVEL SET,BLUSH,,ONE SIZE,ladies travel set,0004371600,,-1
V-21,NAVY,,ONE SIZE,side bag,0003855800,,-1
V-32,CHESTNUT,,NA,bum bag,0004130400,,-1
VEST 3,BLACK/HIDE,,2XL,CRISS CROSS BODY WARMER,0000886007,,-1
VEST 3,TAN/SNU,,M,CRISS CROSS BODY WARMER,0000888804,,-1