Landing page,Sessions,Views,Users,New users,Engagement rate,Average engagement time per session,Conversions,Total revenue,Views / Sessions
/,9950,31352,7709.0,6452.0,46.62%,1m 01s,75.0,"£9,052.20",3.150954773869347
/mens-c4/leather-jackets-c25,1932,6703,1750.0,1446.0,70.55%,1m 30s,8.0,"£1,487.23",3.469461697722567
/ladies-c3/leather-jackets-c9,1854,6251,1637.0,1364.0,68.45%,1m 29s,16.0,"£1,944.13",3.371628910463862
(not set),1852,0,1267.0,5.0,3.94%,7s,8.0,"£1,490.11",0.0
/weekly-deals-c164,1777,2423,1429.0,1237.0,34.50%,10s,0.0,£0.00,1.3635340461451886
/handbags-c6,1575,4678,1409.0,1182.0,66.10%,1m 24s,7.0,£549.45,2.97015873015873
/handbags-c6/backpacks-c89,729,1893,684.0,611.0,65.29%,1m 03s,2.0,£199.99,2.596707818930041
/mens-c4/man-bags-briefcases-c12/mens-vintage-wash-leather-a4-side-bag-rust-7994-p676/s4143,642,1379,530.0,438.0,46.73%,30s,3.0,£237.00,2.14797507788162
/basket,626,2565,422.0,145.0,55.91%,1m 25s,51.0,"£5,143.21",4.097444089456869
/luggage-c7/holdall-c15,609,1964,574.0,522.0,77.01%,1m 16s,5.0,£785.24,3.22495894909688
/mens-c4/man-bags-briefcases-c12/vintage-wash-leather-a4-side-bag-brown-7994-p1342/s6837,596,1128,503.0,406.0,46.64%,18s,4.0,£316.00,1.8926174496644295
/mens-c4/man-bags-briefcases-c12,540,1553,503.0,442.0,74.44%,1m 29s,0.0,£0.00,2.8759259259259258
/handbags-c6/ashwood-c30,514,1887,478.0,426.0,74.71%,1m 51s,0.0,£0.00,3.6712062256809337
/mens-c4,504,2013,473.0,364.0,63.29%,1m 37s,1.0,£139.00,3.994047619047619
/luggage-c7/backpacks-rucksacks-c52,470,1195,438.0,398.0,70.43%,59s,0.0,£0.00,2.5425531914893615
/ladies-c3,465,1936,429.0,302.0,55.05%,1m 42s,6.0,£692.20,4.163440860215053
/handbags-c6/marta-ponti-m38,437,770,401.0,377.0,56.75%,30s,0.0,£0.00,1.7620137299771168
/handbags-c6/ashwood-m1,431,1965,405.0,359.0,85.15%,1m 28s,2.0,£83.97,4.559164733178655
/gift-accessories-c8/wallets-c16,430,1047,402.0,368.0,72.09%,1m 05s,4.0,£171.34,2.4348837209302325
/ladies-c3/sheepskin-jackets-c11,427,1144,388.0,314.0,59.95%,1m 00s,0.0,£0.00,2.6791569086651053
/mens-c4/leather-jackets-c25/biker-styles-c97,399,1243,338.0,249.0,67.67%,1m 16s,0.0,£0.00,3.1152882205513786
/mens-c4/leather-jackets-c25/trapper-m33,398,1007,354.0,318.0,66.33%,52s,1.0,£179.00,2.530150753768844
/handbags-c6/cross-body-bag-c87,388,1332,361.0,293.0,72.68%,1m 31s,4.0,£224.00,3.4329896907216493
/mens-c4/leather-jackets-c25/leather-jacket-tan-edinburgh-p234/s1255,358,597,342.0,252.0,38.27%,25s,0.0,£0.00,1.6675977653631284
/handbags-c6/cross-body-bag-c87/ashwood-leather-crossbody-bag-tan-cb-3-63014-p7229/s21581,357,1311,336.0,299.0,73.11%,1m 10s,5.0,£174.90,3.672268907563025
/ladies-c3/leather-jackets-c9/full-length-styles-c92,356,796,333.0,303.0,63.20%,34s,0.0,£0.00,2.235955056179775
/ladies-c3/womens-leather-biker-jacket-coffee-2810-p6175/s18978,353,900,315.0,279.0,65.72%,47s,5.0,£279.95,2.54957507082153
/mens-c4/leather-jackets-c25/leather-jacket-tan-edinburgh-p234/s1256,348,775,289.0,202.0,64.66%,53s,5.0,£777.55,2.2270114942528734
/ladies-c3/fur-coats-c77/mink-coat-brown-imola-p1417/s7043,321,496,259.0,223.0,25.55%,12s,0.0,£0.00,1.5451713395638629
/ladies-c3/ashwood-leather-crossbody-bag-black-cb-3-63014-p6779/s20113,307,868,277.0,241.0,68.08%,57s,1.0,£34.98,2.8273615635179152
/handbags-c6/tablet-friendly-medium-vintage-leather-bag-brandy-d-91-p6963/s20712,293,979,237.0,168.0,64.51%,55s,1.0,£55.00,3.3412969283276452
/luggage-c7,277,805,257.0,200.0,72.20%,1m 19s,3.0,£614.81,2.9061371841155235
/sheepskin-fur-c5,256,852,233.0,173.0,66.80%,1m 14s,1.0,£43.99,3.328125
/gift-accessories-c8/purses-c36,255,873,240.0,206.0,71.37%,1m 11s,1.0,£34.98,3.4235294117647057
/mens-c4/sheepskin-jackets-c26,251,647,235.0,182.0,54.58%,1m 11s,0.0,£0.00,2.5776892430278884
/ladies-c3/womens-leather-biker-jacket-coffee-2810-p6175/s18977,243,644,231.0,206.0,67.90%,53s,3.0,£161.97,2.6502057613168724
/ashwood-m1,237,1014,226.0,194.0,73.42%,1m 43s,1.0,£69.00,4.2784810126582276
/mens-c4/leather-jackets-c25/biker-styles-c97/vintage-leather-biker-jacket-blue-black-jaxon-p3014/s10592,237,379,188.0,153.0,56.12%,18s,0.0,£0.00,1.59915611814346
/ladies-c3/ladies-jackets-coats-c181,221,748,205.0,164.0,70.14%,1m 13s,2.0,£398.00,3.3846153846153846
/luggage-c7/wash-toiletry-bags-c55,214,633,206.0,188.0,78.50%,1m 06s,5.0,£244.96,2.957943925233645
/mens-c4/mens-jackets-coats-c182,213,566,173.0,141.0,65.26%,1m 02s,0.0,£0.00,2.6572769953051645
/luggage-c7/holdall-c15/large-vintage-leather-travel-holdall-brown-marcus-p3248/s11745,208,494,177.0,140.0,59.13%,40s,1.0,£147.25,2.375
/ladies-c3/vintage-leather-cross-body-shoulder-bag-honey-g22-p3614/s13045,204,606,174.0,141.0,66.18%,47s,0.0,£0.00,2.9705882352941178
/mens-c4/leather-jackets-c25/leather-jacket-tan-edinburgh-p234/s1260,196,639,142.0,108.0,52.55%,58s,1.0,£654.98,3.260204081632653
/mens-c4/sheepskin-jackets-c26/sheepskin-flying-jacket-ginger-leo-p101/s764,194,407,141.0,105.0,47.94%,25s,1.0,£649.00,2.097938144329897
/map/leather-company-london,184,894,170.0,135.0,78.80%,1m 35s,3.0,£249.96,4.858695652173913
/mens-c4/man-bags-briefcases-c12/ashwood-mens-three-pocket-luxury-small-leather-flight-bag-tan-4551-p653/s4120,180,543,162.0,136.0,62.22%,58s,5.0,£372.00,3.0166666666666666
/mens-c4/mens-waistcoats-c58,177,494,164.0,138.0,71.19%,1m 14s,0.0,£0.00,2.790960451977401
/ladies-c3/leather-jackets-c9/ashwood-m1,176,557,149.0,123.0,63.64%,1m 20s,2.0,£263.99,3.164772727272727
/sale/handbags-c6/ashwood-m1,172,667,161.0,141.0,83.72%,1m 49s,0.0,£0.00,3.877906976744186
/handbags-c6/shoulder-bag-c86,168,324,159.0,133.0,57.74%,49s,0.0,£0.00,1.9285714285714286
/sheepskin-fur-c5/ashwood-sheepskin-seat-pad-mink-p4382/s15187,164,376,150.0,136.0,44.51%,25s,0.0,£0.00,2.292682926829268
/luggage-c7/holdall-c15/large-vintage-leather-travel-holdall-tan-jayden-p4213/s14921,163,393,138.0,107.0,63.19%,32s,0.0,£0.00,2.411042944785276
/mens-c4/leather-jackets-c25/bomber-styles-c99,157,448,141.0,119.0,75.80%,54s,0.0,£0.00,2.8535031847133756
/ladies-c3/ladies-waistcoats-c47,155,410,149.0,130.0,56.13%,51s,0.0,£0.00,2.6451612903225805
/mens-c4/man-bags-briefcases-c12/laptop-messenger-bags-c113,155,380,139.0,118.0,71.61%,1m 01s,0.0,£0.00,2.4516129032258065
/mens-c4/leather-jackets-c25/leather-jacket-black-edinburgh-p233/s1241,153,451,141.0,88.0,72.55%,1m 15s,1.0,£159.00,2.947712418300654
/handbags-c6/cross-body-bag-c87/ashwood-leather-crossbody-bag-navy-cb-3-63014-p7227/s21579,151,328,123.0,108.0,62.91%,29s,0.0,£0.00,2.172185430463576
/handbags-c6/navy-t49,151,434,145.0,132.0,61.59%,1m 26s,1.0,£59.99,2.8741721854304636
/mens-c4/man-bags-briefcases-c12/mens-3-pocket-luxury-small-leather-flight-bag-tan-jack-p660/s4127,149,316,116.0,84.0,49.66%,28s,0.0,£0.00,2.120805369127517
/mens-c4/leather-jackets-c25/leather-biker-jacket-white-berlin-p874/s4927,148,243,77.0,64.0,45.27%,11s,0.0,£0.00,1.6418918918918919
/ladies-c3/leather-jackets-c9/biker-styles-c78/leather-biker-jacket-mid-brown-nap-britney-p3010/s10569,146,283,138.0,129.0,41.10%,16s,0.0,£0.00,1.9383561643835616
/mens-c4/mens-shearling-sheepskin-coat-honey-tan-del-boy-p6074/s18647,146,224,118.0,96.0,47.95%,16s,0.0,£0.00,1.5342465753424657
/gift-accessories-c8/purses-c36/ashwood-m1,145,463,132.0,116.0,62.76%,1m 13s,1.0,£49.99,3.193103448275862
/contact-us-i3,144,275,101.0,46.0,38.19%,42s,0.0,£0.00,1.9097222222222223
/ladies-c3/14-card-rfid-protected-large-leather-purse-two-tone-tan-s1-p6708/s20038,144,340,131.0,113.0,59.72%,37s,4.0,£159.92,2.361111111111111
/mens-c4/man-bags-briefcases-c12/mens-small-vintage-leather-travel-bag-rust-7993-p675/s4142,144,277,126.0,95.0,62.50%,38s,0.0,£0.00,1.9236111111111112
/luggage-c7/manbags-briefcases-c64,143,496,134.0,121.0,67.13%,1m 26s,1.0,£89.99,3.4685314685314683
/mens-c4/leather-jackets-c25/brown-t3,141,338,130.0,118.0,73.05%,49s,0.0,£0.00,2.397163120567376
/luggage-c7/leather-tablet-a4-sleeves-c151,139,291,139.0,136.0,66.91%,35s,1.0,£70.00,2.093525179856115
/luggage-c7/mens-weekend-leather-travel-holdall-chestnut-vt-albert-p628/s4095,136,251,103.0,79.0,46.32%,31s,0.0,£0.00,1.8455882352941178
/ladies-c3/ladies-waistcoats-c47/fitted-leather-gilet-with-faux-fur-collar-brown-snu-cumbria-p1627/s7746,135,219,107.0,95.0,45.93%,14s,0.0,£0.00,1.6222222222222222
/ladies-c3/leather-handbags-c10/ashwood-leather-womens-tote-crossbody-bag-cotwold-navy-64064-p7914/s23048,135,388,107.0,78.0,77.04%,52s,1.0,£59.99,2.8740740740740742
/ladies-c3/womens-leather-biker-jacket-coffee-2810-p6175/s18980,134,455,130.0,115.0,70.90%,1m 10s,2.0,£107.98,3.3955223880597014
/size-guide-i9,134,202,126.0,114.0,62.69%,37s,0.0,£0.00,1.507462686567164
/sheepskin-fur-c5/mens-sheepskin-jackets-c35,133,331,117.0,94.0,68.42%,1m 05s,0.0,£0.00,2.488721804511278
/ladies-c3/14-card-rfid-protected-xl-leather-purse-poppy-red-s2-p6713/s20043,130,320,110.0,89.0,66.92%,39s,1.0,£54.98,2.4615384615384617
/ladies-c3/leather-jackets-c9/3-4-styles-c91,130,344,121.0,97.0,77.69%,31s,0.0,£0.00,2.646153846153846
/ladies-c3/sheepskin-jackets-c11/long-length-toscana-suede-leather-coat-tan-alaska-p883/s5020,130,322,110.0,95.0,40%,20s,0.0,£0.00,2.476923076923077
/mens-c4/fenland-mens-nubuck-leather-jacket-brown-carter-p5769/s17772,130,351,112.0,82.0,61.54%,49s,0.0,£0.00,2.7
/search/leather-jackets,130,442,126.0,115.0,74.62%,1m 15s,1.0,£53.99,3.4
/mens-c4/leather-jackets-c25/leather-jacket-nevada-timber-edinburgh-p235/s1269,126,268,92.0,45.0,63.49%,39s,1.0,£141.55,2.126984126984127
/gift-accessories-c8/wallets-c16/ashwood-m1,123,409,117.0,113.0,69.11%,1m 08s,0.0,£0.00,3.3252032520325203
/handbags-c6/the-bridge-m7,123,272,112.0,97.0,67.48%,36s,0.0,£0.00,2.2113821138211383
/mens-c4/leather-jackets-c25/leather-jacket-tan-edinburgh-p234/s1261,122,363,101.0,67.0,62.30%,56s,1.0,£210.00,2.9754098360655736
/gift-accessories-c8/mens-gloves-c37,120,251,116.0,103.0,76.67%,59s,0.0,£0.00,2.091666666666667
/ladies-c3/leather-jackets-c9/casual-styles-c124/womens-collarless-leather-jacket-black-app-chambery-p3283/s11956,117,281,100.0,82.0,60.68%,46s,3.0,£397.00,2.4017094017094016
/luggage-c7/holdall-c15/mens-large-leather-weekend-holdall-chestnut-vt-charles-p918/s5121,115,286,90.0,66.0,53.04%,41s,2.0,£346.50,2.4869565217391303
/mens-c4/man-bags-briefcases-c12/briefcases-c112,115,255,108.0,94.0,74.78%,50s,0.0,£0.00,2.217391304347826
/mens-c4/sheepskin-jackets-c26/sheepskin-coat-tan-hektor-p807/s4338,113,201,104.0,80.0,53.10%,15s,0.0,£0.00,1.7787610619469028
/ladies-c3/skirts-jeans-c74/jeans-trousers-c128,112,226,110.0,104.0,75.89%,40s,0.0,£0.00,2.017857142857143
/mens-c4/leather-jackets-c25/leather-jacket-tan-edinburgh-p234/s1257,112,294,98.0,73.0,70.54%,52s,0.0,£0.00,2.625
/luggage-c7/trolleys-c33,111,180,44.0,37.0,37.84%,15s,0.0,£0.00,1.6216216216216217
/mens-c4/leather-jackets-c25/leather-jacket-black-edinburgh-p233,110,416,82.0,37.0,48.18%,1m 25s,3.0,£556.37,3.7818181818181817
/mens-c4/leather-jackets-c25/monomoi-m52,110,480,96.0,82.0,75.45%,1m 27s,2.0,£258.99,4.363636363636363
/handbags-c6/tan-t25,109,429,98.0,85.0,62.39%,1m 24s,1.0,£85.00,3.9357798165137616
/ladies-c3/purses-c22/medium-croc-print-leather-wallet-purse-navy-croc-mc7-p6856/s20295,109,245,90.0,62.0,55.05%,23s,1.0,£58.24,2.2477064220183487
/mens-c4/leather-jackets-c25/leather-biker-jacket-timber-bronx-p542/s3636,109,385,100.0,77.0,66.97%,49s,0.0,£0.00,3.532110091743119
/register,109,299,78.0,36.0,35.78%,50s,2.0,£788.99,2.743119266055046
/luggage-c7/suit-carriers-c51/ashwood-leather-wheeled-suit-carrier-chestnut-89149-p6736/s20066,107,213,90.0,76.0,67.29%,31s,1.0,£439.00,1.9906542056074767
/mens-c4/man-bags-briefcases-c12/backpacks-c116,107,228,99.0,77.0,65.42%,43s,1.0,£79.99,2.130841121495327
/ladies-c3/womens-leather-biker-jacket-coffee-2810-p6175/s18979,106,188,104.0,93.0,68.87%,27s,1.0,£53.99,1.7735849056603774
/map,105,328,88.0,58.0,57.14%,1m 20s,1.0,£99.99,3.123809523809524
/mens-c4/mens-triple-gusset-heavy-duty-leather-briefcase-chestnut-gareth-p4231/s14952,105,326,91.0,70.0,67.62%,1m 01s,2.0,£258.00,3.104761904761905
/handbags-c6/ashwood-c30/ashwood-womens-three-section-leather-shoulder-bag-black-v-31-p5294/s16712,104,257,83.0,59.0,61.54%,39s,0.0,£0.00,2.4711538461538463
/mens-c4/man-bags-briefcases-c12/ashwood-mens-small-zip-around-flight-side-bag-brown-tum-jerry-p663/s4130,103,202,65.0,37.0,47.57%,17s,0.0,£0.00,1.9611650485436893
/ladies-c3/leather-biker-jacket-navy-lola-p5468/s17047,102,364,89.0,73.0,65.69%,57s,1.0,£219.98,3.5686274509803924
/ladies-c3/leather-three-section-cross-body-bag-black-croc-63789-croc-p6601/s19897,102,203,80.0,61.0,54.90%,22s,0.0,£0.00,1.9901960784313726
/mens-c4/mens-nappa-leather-detachable-double-collar-jacket-cognac-trap-ryan-p5801/s17960,102,252,82.0,60.0,56.86%,28s,0.0,£0.00,2.4705882352941178
/ladies-c3/leather-jackets-c9/brown-t3,101,320,92.0,83.0,71.29%,1m 06s,0.0,£0.00,3.1683168316831685
/mens-c4/leather-jackets-c25/blazer-styles-c98/two-button-leather-blazer-timber-vito-p3930/s14167,100,245,94.0,79.0,64%,37s,0.0,£0.00,2.45
/mens-c4/leather-jackets-c25/leather-jacket-tan-edinburgh-p234/s1258,99,213,74.0,56.0,68.69%,26s,0.0,£0.00,2.1515151515151514
/mens-c4/man-bags-briefcases-c12/flight-bags-c118,99,364,87.0,63.0,68.69%,1m 29s,1.0,£169.95,3.676767676767677
/handbags-c6/backpacks-c89/large-vintage-leather-backpack-honey-g28-p3755/s13672,98,290,81.0,61.0,67.35%,50s,0.0,£0.00,2.9591836734693877
/mens-c4/leather-jackets-c25/red-t11,98,230,92.0,90.0,67.35%,37s,0.0,£0.00,2.3469387755102042
/ladies-c3/accessories-c24,97,415,94.0,72.0,75.26%,2m 24s,3.0,£400.11,4.278350515463917
/ladies-c3/deals-for-her-c161,97,447,93.0,77.0,68.04%,2m 10s,0.0,£0.00,4.608247422680412
/mens-c4/leather-jackets-c25/leather-coat-black-brontes-p251/s1443,97,255,70.0,41.0,59.79%,36s,1.0,£210.00,2.6288659793814433
/mens-c4/leather-jackets-c25/ashwood-m1,96,261,77.0,63.0,66.67%,1m 38s,0.0,£0.00,2.71875
/mens-c4/leather-jackets-c25/blazer-styles-c98,96,268,91.0,78.0,73.96%,53s,0.0,£0.00,2.7916666666666665
/mens-c4/man-bags-briefcases-c12/washbags-c114/vintage-oily-hanging-leather-wash-bag-tweed-liam-wb-p6235/s19040,96,190,83.0,70.0,48.96%,25s,0.0,£0.00,1.9791666666666667
/handbags-c6/ashwood-c30/large-vintage-leather-handbag-honey-g29-p3632/s13063,95,179,82.0,75.0,57.89%,32s,0.0,£0.00,1.8842105263157896
/sheepskin-fur-c5/sheepskin-footwear-c46/fenland-m10,95,493,89.0,80.0,75.79%,1m 20s,2.0,£84.98,5.189473684210526
/ladies-c3/leather-jackets-c9/biker-styles-c78,94,295,79.0,42.0,60.64%,1m 08s,0.0,£0.00,3.1382978723404253
/sale/handbags-c6/backpacks-c89/black-t1,93,141,93.0,92.0,68.82%,23s,0.0,£0.00,1.5161290322580645
/ladies-c3/leather-handbags-c10/large-leather-handbag-bridge-vt-gina-p1050/s5774,92,205,73.0,53.0,64.13%,29s,0.0,£0.00,2.2282608695652173
/ladies-c3/ashwood-curve-zip-top-leather-cross-body-bag-bone-croc-curve-p6622/s19921,91,247,82.0,68.0,58.24%,41s,2.0,£69.96,2.7142857142857144
/ladies-c3/womens-leather-biker-jacket-coffee-2810-p6175,91,355,59.0,20.0,45.05%,1m 30s,1.0,£53.99,3.901098901098901
/luggage-c7/leather-tablet-a4-sleeves-c151/vintage-leather-luxury-a4-metal-binder-sleeve-tan-noah-p2932/s10363,91,159,74.0,65.0,65.93%,30s,0.0,£0.00,1.7472527472527473
/ladies-c3/leather-jackets-c9/red-t11,90,176,87.0,80.0,73.33%,28s,0.0,£0.00,1.9555555555555555
/ladies-c3/ladies-jackets-coats-c181/ashwood-m1,89,223,80.0,70.0,59.55%,38s,0.0,£0.00,2.50561797752809
/ladies-c3/leather-handbags-c10/ashwood-leather-womens-tote-crossbody-bag-deep-lake-64064-p7915/s23049,89,227,71.0,60.0,60.67%,32s,2.0,£119.98,2.550561797752809
/delivery-returns-i5,88,233,64.0,21.0,47.73%,1m 26s,3.0,£509.00,2.647727272727273
/handbags-c6/ashwood-c30/large-vintage-leather-handbag-black-g29-p3630/s13061,88,175,62.0,48.0,53.41%,17s,0.0,£0.00,1.9886363636363635
/mens-c4/leather-jackets-c25/3-4-styles-c100,86,186,79.0,65.0,65.12%,37s,0.0,£0.00,2.1627906976744184
/ladies-c3/ashwood-large-leather-holdall-cognac-fe-06-p6743/s20073,85,410,70.0,54.0,64.71%,2m 19s,0.0,£0.00,4.823529411764706
/mens-c4/leather-jackets-c25/blazer-styles-c98/two-button-leather-blazer-tan-vito-p3824/s13888,85,196,60.0,43.0,54.12%,40s,1.0,£229.00,2.3058823529411763
/mens-c4/leather-jackets-c25/bomber-styles-c99/mens-leather-bomber-jacket-tan-oscar-bomber-p7967,85,143,6.0,3.0,31.76%,8s,0.0,£0.00,1.6823529411764706
/handbags-c6/ashwood-c30/vintage-leather-cross-body-shoulder-bag-brandy-g22-p3613/s13044,84,234,68.0,47.0,63.10%,40s,2.0,£107.98,2.7857142857142856
/ladies-c3/ashwood-three-pocket-leather-sling-bag-honey-t-75-p6791/s20143,84,172,75.0,55.0,45.24%,21s,0.0,£0.00,2.0476190476190474
/ladies-c3/leather-jackets-c9/beige-t70,84,241,80.0,72.0,73.81%,49s,0.0,£0.00,2.869047619047619
/mens-c4/leather-jackets-c25/size-5xl-t29,84,444,79.0,66.0,83.33%,2m 12s,2.0,£497.55,5.285714285714286
/mens-c4/man-bags-briefcases-c12/ashwood-mens-3-pocket-luxury-small-leather-flight-bag-black-jack-p659/s4126,83,201,67.0,41.0,43.37%,27s,1.0,£69.00,2.4216867469879517
/ladies-c3/ashwood-womens-long-handle-leather-shopper-bag-denim-62320-p6656/s19955,82,240,71.0,58.0,65.85%,30s,0.0,£0.00,2.926829268292683
/ladies-c3/14-card-rfid-protected-large-leather-purse-black-s1-p6703/s20033,81,229,68.0,48.0,53.09%,52s,2.0,£79.96,2.8271604938271606
/mens-c4/leather-jackets-c25/leather-coat-nevada-timber-brontes-p252/s1448,81,259,75.0,55.0,76.54%,1m 03s,0.0,£0.00,3.197530864197531
/ladies-c3/skirts-jeans-c74/skirts-dresses-c127,80,207,70.0,57.0,67.50%,39s,0.0,£0.00,2.5875
/handbags-c6/ashwood-c30/large-vintage-leather-backpack-brandy-g28-p3629/s13060,79,161,62.0,45.0,50.63%,21s,1.0,£119.99,2.037974683544304
/ladies-c3/leather-handbags-c10/real-leather-saddle-crossbody-bag-2-tone-tan-63753-p7874/s23008,79,204,71.0,61.0,72.15%,42s,0.0,£0.00,2.5822784810126582
/handbags-c6/tote-bags-c85,78,235,71.0,50.0,53.85%,59s,0.0,£0.00,3.0128205128205128
/newsletter/unsubscribe,78,142,75.0,67.0,80.77%,6s,0.0,£0.00,1.8205128205128205
/ladies-c3/leather-jackets-c9/navy-t49,77,263,69.0,60.0,75.32%,56s,0.0,£0.00,3.4155844155844157
/mens-c4/leather-jackets-c25/blazer-styles-c98/two-button-leather-blazer-timber-vito-p3930/s14171,77,161,54.0,35.0,66.23%,32s,0.0,£0.00,2.090909090909091
/mens-c4/leather-jackets-c25/leather-biker-jacket-white-berlin-p874/s4926,77,148,69.0,56.0,55.84%,41s,1.0,£179.00,1.922077922077922
/mens-c4/leather-jackets-c25/leather-bomber-jacket-black-danny-p948/s5241,77,185,59.0,46.0,58.44%,25s,0.0,£0.00,2.4025974025974026
/mens-c4/leather-jackets-c25/leather-jacket-black-edinburgh-p233/s1245,77,199,66.0,53.0,55.84%,31s,0.0,£0.00,2.5844155844155843
/ladies-c3/ashwood-three-pocket-leather-sling-bag-chestnut-tan-t-75-p6756/s20086,76,162,68.0,60.0,67.11%,38s,0.0,£0.00,2.1315789473684212
/ladies-c3/14-card-rfid-protected-large-leather-purse-mandarin-s1-p6705/s20035,75,255,70.0,61.0,58.67%,50s,0.0,£0.00,3.4
/handbags-c6/ashwood-c30/vegetable-tanned-leather-bag-black-v-22-p3830/s13911,74,118,48.0,29.0,44.59%,21s,0.0,£0.00,1.5945945945945945
/ladies-c3/ashwood-single-australian-sheepskin-rug-ochre-p6301/s19172,74,188,70.0,57.0,68.92%,33s,1.0,£43.99,2.5405405405405403
/gift-accessories-c8/ladies-gloves-c38,73,219,71.0,63.0,72.60%,52s,1.0,£33.48,3.0
/ladies-c3/leather-jackets-c9/tan-t25,73,195,69.0,60.0,75.34%,1m 02s,0.0,£0.00,2.671232876712329
/mens-c4/leather-jackets-c25/bugatti-m51,73,121,69.0,68.0,53.42%,21s,0.0,£0.00,1.6575342465753424
/mens-c4/man-bags-briefcases-c12/washbags-c114/vintage-leather-luxury-wash-bag-with-tubular-mouth-opening-tan-seb-p2937/s10368,73,205,63.0,52.0,64.38%,58s,4.0,£207.94,2.808219178082192
/sheepskin-fur-c5/mens-sheepskin-jackets-c35/sheepskin-coat-whisky-denver-p1514/s7529,73,142,57.0,35.0,50.68%,18s,0.0,£0.00,1.9452054794520548
/ladies-c3/ladies-waistcoats-c47/fitted-leather-gilet-with-faux-fur-collar-brown-snu-cumbria-p1627/s7753,72,108,63.0,54.0,33.33%,7s,0.0,£0.00,1.5
/mens-c4/leather-jackets-c25/leather-coat-nevada-timber-brontes-p252/s1451,72,175,60.0,39.0,59.72%,35s,1.0,£178.50,2.4305555555555554
/brampton-m25,71,146,66.0,61.0,77.46%,48s,1.0,£89.00,2.056338028169014
/handbags-c6/ashwood-c30/vintage-leather-cross-body-shoulder-bag-black-g22-p3612/s13043,71,178,47.0,31.0,61.97%,36s,0.0,£0.00,2.507042253521127
/mens-c4/leather-jackets-c25/full-grain-leather-jacket-syh-jumbo-black-petros-p1281,71,134,69.0,60.0,71.83%,34s,0.0,£0.00,1.8873239436619718
/mens-c4/leather-jackets-c25/leather-coat-nevada-timber-brontes-p252/s2409,71,146,60.0,38.0,59.15%,29s,0.0,£0.00,2.056338028169014
/luggage-c7/carry-on-case-c34,70,154,66.0,58.0,64.29%,44s,0.0,£0.00,2.2
/luggage-c7/holdall-c15/ashwood-m1,70,245,64.0,50.0,62.86%,1m 15s,0.0,£0.00,3.5
/gift-accessories-c8/purses-c36/large-purses-c96/vintage-woven-leather-zip-around-large-22-card-coin-note-purse-taupe-d-84-p4309/s15030,69,145,62.0,49.0,43.48%,12s,0.0,£0.00,2.101449275362319
/ladies-c3/handbags-c10/tab-small-zip-top-leather-cross-body-bag-black-p189/s1034,69,219,53.0,38.0,63.77%,43s,1.0,£34.98,3.1739130434782608
/handbags-c6/cross-body-bag-c87/ashwood-m1,68,242,65.0,51.0,77.94%,1m 45s,0.0,£0.00,3.5588235294117645
/mens-c4/leather-jackets-c25/blue-t2,68,168,62.0,55.0,75%,59s,2.0,£653.00,2.4705882352941178
/mens-c4/leather-jackets-c25/leather-jacket-nevada-timber-edinburgh-p235/s1272,68,154,56.0,38.0,58.82%,47s,0.0,£0.00,2.264705882352941
/about-us-i1,67,444,62.0,31.0,34.33%,2m 18s,0.0,£0.00,6.626865671641791
/ladies-c3/ashwood-a4-leather-book-cover-brandy-p6763/s20093,67,184,61.0,50.0,46.27%,38s,2.0,£65.39,2.746268656716418
/ladies-c3/sheepskin-jackets-c11/long-length-toscana-suede-leather-coat-black-alaska-p881/s4991,67,68,67.0,64.0,13.43%,0s,0.0,£0.00,1.0149253731343284
/mens-c4/leather-jackets-c25/tan-t25,67,194,62.0,55.0,71.64%,1m 00s,1.0,£299.00,2.8955223880597014
/ladies-c3/toscana-suede-leather-gilet-honey-kashmina-p6679/s19995,66,193,62.0,52.0,56.06%,36s,0.0,£0.00,2.9242424242424243
/mens-c4/leather-jackets-c25/leather-biker-jacket-white-berlin-p874/s4929,66,150,40.0,34.0,68.18%,43s,1.0,£152.15,2.272727272727273
/mens-c4/leather-jackets-c25/leather-bomber-jacket-black-danny-p948,66,91,65.0,56.0,18.18%,11s,0.0,£0.00,1.378787878787879
/handbags-c6/ashwood-three-section-leather-tote-shoulder-bag-green-z-73-p7004/s20753,65,167,48.0,39.0,70.77%,48s,0.0,£0.00,2.5692307692307694
/ladies-c3/14-card-rfid-protected-xl-leather-purse-black-s2-p6709/s20039,65,128,55.0,42.0,58.46%,33s,0.0,£0.00,1.9692307692307693
/ladies-c3/leather-handbags-c10/real-leather-tote-bag-black-63754-p7884/s23018,65,262,37.0,24.0,60%,1m 04s,1.0,£80.00,4.030769230769231
/luggage-c7/leather-tablet-a4-sleeves-c151/vegetable-tanned-leather-document-holder-chestnut-a4-sleeve-p3339/s12360,65,153,61.0,53.0,73.85%,47s,0.0,£0.00,2.353846153846154
/sheepskin-fur-c5/ashwood-lucky-sheep-mink-p6016/s18524,65,121,55.0,39.0,55.38%,15s,0.0,£0.00,1.8615384615384616
/handbags-c6/cheltenham-croc-collection-c177,64,123,61.0,59.0,67.19%,30s,0.0,£0.00,1.921875
/ladies-c3/leather-jackets-c9/ladies-waterfall-front-leather-jacket-black-diva-p7747/s22740,64,97,52.0,41.0,53.13%,18s,0.0,£0.00,1.515625
/ladies-c3/sheepskin-jackets-c11/sheepskin-duffle-coat-tobacco-lynette-p880/s4988,64,128,56.0,43.0,54.69%,17s,0.0,£0.00,2.0
/gift-accessories-c8/purses-c36/medium-purses-c95/vintage-woven-leather-medium-18-card-purse-red-d-83-p4299/s15020,63,144,43.0,30.0,49.21%,20s,1.0,£34.98,2.2857142857142856
/ladies-c3/purses-c22/14-card-rfid-protected-xl-leather-purse-two-tone-tan-s2-p6714/s20044,63,97,50.0,40.0,57.14%,15s,0.0,£0.00,1.5396825396825398
/handbags-c6/cross-body-bag-c87/navy-t49,62,145,60.0,56.0,67.74%,35s,1.0,£34.98,2.338709677419355
/ladies-c3/sheepskin-jackets-c11/toscana-longhaired-shearling-jacket-with-large-hood-brown-muna-p853,62,70,62.0,59.0,6.45%,2s,0.0,£0.00,1.1290322580645162
/mens-c4/leather-jackets-c25/leather-coat-black-brontes-p251/s13871,62,135,52.0,36.0,56.45%,39s,0.0,£0.00,2.1774193548387095
/ladies-c3/leather-jackets-c9/blazer-styles-c79/womens-short-leather-blazer-jacket-black-ballina-p3272,61,101,18.0,9.0,34.43%,26s,1.0,£89.00,1.6557377049180328
/mens-c4/leather-jackets-c25/biker-styles-c97/leather-biker-jacket-bordeaux-viking-p3117/s11203,61,149,42.0,35.0,62.30%,33s,0.0,£0.00,2.442622950819672
/mens-c4/leather-jackets-c25/leather-bomber-jacket-black-danny-p948/s5239,61,135,41.0,28.0,55.74%,30s,0.0,£0.00,2.2131147540983607
/handbags-c6/ashwood-m1/green-t6,60,188,58.0,46.0,78.33%,1m 21s,0.0,£0.00,3.1333333333333333
/mens-c4/sheepskin-jackets-c26/sheepskin-flying-jacket-brn-cream-ivan-p1252/s6522,60,111,34.0,18.0,60%,29s,0.0,£0.00,1.85
/luggage-c7/backpacks-rucksacks-c52/tan-t25,59,103,57.0,56.0,42.37%,26s,0.0,£0.00,1.7457627118644068
/mens-c4/man-bags-briefcases-c12/laptop-messenger-bags-c113/ashwood-m1,59,212,50.0,41.0,50.85%,54s,1.0,£94.05,3.593220338983051
/sheepskin-fur-c5/ladies-fur-coats-c76/cropped-3-4-sleeve-mink-coat-brown-tiffany-p1397/s7010,59,98,42.0,37.0,28.81%,7s,0.0,£0.00,1.6610169491525424
/handbags-c6/ashwood-c30/small-vintage-leather-backpack-honey-g25-p3621/s13052,58,119,54.0,50.0,41.38%,40s,0.0,£0.00,2.0517241379310347
/handbags-c6/cross-body-bag-c87/ashwood-leather-crossbody-bag-orange-cb-3-63014-p7228/s21580,58,148,55.0,52.0,62.07%,44s,0.0,£0.00,2.5517241379310347
/ladies-c3/leather-biker-jacket-navy-lola-p5468/s17048,58,183,55.0,48.0,67.24%,53s,0.0,£0.00,3.1551724137931036
/ladies-c3/leather-jackets-c9/blazer-styles-c79/womens-short-leather-blazer-jacket-black-ballina-p3272/s11852,58,123,51.0,44.0,70.69%,43s,0.0,£0.00,2.1206896551724137
/ladies-c3/leather-jackets-c9/burgundy-t59,58,208,56.0,52.0,65.52%,43s,0.0,£0.00,3.586206896551724
/ladies-c3/sheepskin-jackets-c11/reversible-toscana-suede-leather-gilet-black-kashmina-p3075/s10949,58,61,58.0,58.0,3.45%,1s,0.0,£0.00,1.0517241379310345
/ladies-c3/toscana-double-collar-suede-leather-gilet-taupe-pegasus-p5693/s17608,58,128,50.0,38.0,50%,31s,1.0,£53.99,2.206896551724138
/mens-c4/leather-jackets-c25/leather-jacket-nevada-timber-edinburgh-p235/s1274,58,233,51.0,38.0,63.79%,2m 17s,0.0,£0.00,4.017241379310345
/mens-c4/man-bags-briefcases-c12/ashwood-m1,58,380,53.0,42.0,86.21%,3m 08s,1.0,£94.05,6.551724137931035
/ladies-c3/fenland-womens-nubuck-leather-hooded-coat-brown-maisie-p5773,57,63,57.0,55.0,0%,1s,0.0,£0.00,1.105263157894737
/ladies-c3/leather-jackets-c9/biker-styles-c78/leather-biker-jacket-purple-casey-p7532/s22068,57,62,56.0,52.0,22.81%,9s,0.0,£0.00,1.087719298245614
/ladies-c3/leather-jackets-c9/green-t6,57,101,53.0,51.0,64.91%,23s,0.0,£0.00,1.7719298245614035
/mens-c4/leather-jackets-c25/biker-styles-c97/vintage-leather-biker-jacket-blue-black-jaxon-p3014/s10595,57,119,45.0,39.0,61.40%,23s,2.0,£348.00,2.087719298245614
/mens-c4/leather-jackets-c25/black-t1,57,107,53.0,48.0,70.18%,45s,0.0,£0.00,1.8771929824561404
/ladies-c3/ashwood-zip-top-leather-cross-body-bag-green-sb-buckle-p6041/s18600,56,69,5.0,2.0,85.71%,1s,0.0,£0.00,1.2321428571428572
/ladies-c3/ladies-classic-leather-biker-jacket-black-roisin-p4331/s15073,56,56,56.0,56.0,0%,0s,0.0,£0.00,1.0
/ladies-c3/leather-handbags-c10/real-leather-tote-bag-2-tone-tan-63754-p7883/s23017,56,260,47.0,37.0,80.36%,1m 13s,1.0,£59.99,4.642857142857143
/ladies-c3/leather-jackets-c9/ladies-waterfall-front-leather-jacket-black-diva-p7747/s22738,56,104,49.0,40.0,55.36%,14s,0.0,£0.00,1.8571428571428572
/ladies-c3/leather-jackets-c9/leather-jacket-black-ani-juliet-p74,56,56,56.0,56.0,8.93%,5s,0.0,£0.00,1.0
/ladies-c3/womens-leather-biker-jacket-coffee-2810-p6175/s18976,56,203,47.0,35.0,67.86%,1m 00s,1.0,£53.99,3.625
/mens-c4/leather-jackets-c25/leather-jacket-tan-edinburgh-p234/s2675,56,136,48.0,33.0,57.14%,44s,0.0,£0.00,2.4285714285714284
/mens-c4/leather-jackets-c25/white-t13,56,114,55.0,52.0,71.43%,41s,0.0,£0.00,2.0357142857142856
/ladies-c3/skirts-jeans-c74/skirts-dresses-c127/womens-long-31-inch-leather-skirt-with-open-front-slit-brown-sandra-skirt-p3336/s12349,55,85,39.0,29.0,47.27%,13s,0.0,£0.00,1.5454545454545454
/luggage-c7/mens-leather-suit-carrier-chestnut-harper-p595/s4062,55,113,47.0,36.0,49.09%,17s,0.0,£0.00,2.0545454545454547
/mens-c4/mens-waistcoats-c58/mens-diamond-quilted-leather-gilet-black-m-15-vest-p6872/s20387,55,141,28.0,21.0,49.09%,1m 09s,0.0,£0.00,2.5636363636363635
/ladies-c3/tab-small-zip-top-leather-cross-body-bag-tan-p4342/s15098,54,181,43.0,32.0,40.74%,58s,0.0,£0.00,3.3518518518518516
/sheepskin-fur-c5/sheepskin-footwear-c46/dinosos-classic-9-vintage-sheepskin-biker-boots-brown-p4229/s14942,54,90,42.0,28.0,50%,14s,0.0,£0.00,1.6666666666666667
/checkout/success,52,116,29.0,0.0,40.38%,1m 12s,2.0,£278.00,2.230769230769231
/home-living-c65,52,146,43.0,27.0,73.08%,52s,1.0,£69.99,2.8076923076923075
/ladies-c3/leather-handbags-c10/real-leather-tote-bag-ochre-yellow-63754-p7887/s23021,52,283,50.0,47.0,63.46%,2m 03s,0.0,£0.00,5.4423076923076925
/ladies-c3/purses-c22/8-card-zip-around-rfid-protected-large-leather-purse-tan-z-70-p6993/s20742,52,121,51.0,43.0,78.85%,38s,0.0,£0.00,2.326923076923077
/map/leather-company-solihull,52,236,48.0,36.0,80.77%,1m 38s,0.0,£0.00,4.538461538461538
/mens-c4/leather-jackets-c25/biker-styles-c97/mens-safari-style-leather-jacket-black-amj-5-p7792/s22889,52,119,41.0,21.0,65.38%,42s,1.0,£249.00,2.2884615384615383
/mens-c4/leather-jackets-c25/leather-jacket-nevada-timber-edinburgh-p235,52,212,42.0,18.0,59.62%,1m 18s,0.0,£0.00,4.076923076923077
/new-products,52,171,49.0,27.0,59.62%,50s,0.0,£0.00,3.2884615384615383
/ladies-c3/ashwood-leather-waist-bag-honey-t-74-p6790/s20142,51,183,47.0,43.0,78.43%,1m 16s,0.0,£0.00,3.588235294117647
/ladies-c3/purses-c22,51,130,51.0,45.0,74.51%,56s,0.0,£0.00,2.549019607843137
/ladies-c3/womens-leather-biker-jacket-black-yellow-2810-p6174,51,251,46.0,12.0,37.25%,1m 09s,2.0,£117.99,4.921568627450981
/mens-c4/leather-jackets-c25/leather-coat-tan-brontes-p1043/s5766,51,131,44.0,27.0,56.86%,33s,0.0,£0.00,2.5686274509803924
/mens-c4/leather-jackets-c25/leather-jacket-black-edinburgh-p233/s1242,51,126,42.0,30.0,60.78%,41s,1.0,£149.00,2.4705882352941178
/mens-c4/leather-jackets-c25/mens-nappa-leather-detachable-double-collar-jacket-red-brn-trap-ryan-p6809/s20223,51,120,22.0,12.0,56.86%,41s,1.0,£199.50,2.3529411764705883
/sheepskin-fur-c5/sheepskin-rugs-c57/ashwood-m1,51,104,51.0,49.0,47.06%,28s,0.0,£0.00,2.0392156862745097
/gift-accessories-c8,50,108,38.0,23.0,48%,38s,0.0,£0.00,2.16
0,0,0,0.0,0.0,0,0,0.0,0,
0,0,0,0.0,0.0,0,0,0.0,0,
0,0,0,0.0,0.0,0,0,0.0,0,
0,0,0,0.0,0.0,0,0,0.0,0,
0,0,0,0.0,0.0,0,0,0.0,0,
0,0,0,0.0,0.0,0,0,0.0,0,
